UNIVERSE,MONTH,YEAR,AGE,TOT_POP,TOT_MALE,TOT_FEMALE,WA_MALE,WA_FEMALE,BA_MALE,BA_FEMALE,IA_MALE,IA_FEMALE,AA_MALE,AA_FEMALE,NA_MALE,NA_FEMALE,TOM_MALE,TOM_FEMALE,WAC_MALE,WAC_FEMALE,BAC_MALE,BAC_FEMALE,IAC_MALE,IAC_FEMALE,AAC_MALE,AAC_FEMALE,NAC_MALE,NAC_FEMALE,NH_MALE,NH_FEMALE,NHWA_MALE,NHWA_FEMALE,NHBA_MALE,NHBA_FEMALE,NHIA_MALE,NHIA_FEMALE,NHAA_MALE,NHAA_FEMALE,NHNA_MALE,NHNA_FEMALE,NHTOM_MALE,NHTOM_FEMALE,NHWAC_MALE,NHWAC_FEMALE,NHBAC_MALE,NHBAC_FEMALE,NHIAC_MALE,NHIAC_FEMALE,NHAAC_MALE,NHAAC_FEMALE,NHNAC_MALE,NHNAC_FEMALE,H_MALE,H_FEMALE,HWA_MALE,HWA_FEMALE,HBA_MALE,HBA_FEMALE,HIA_MALE,HIA_FEMALE,HAA_MALE,HAA_FEMALE,HNA_MALE,HNA_FEMALE,HTOM_MALE,HTOM_FEMALE,HWAC_MALE,HWAC_FEMALE,HBAC_MALE,HBAC_FEMALE,HIAC_MALE,HIAC_FEMALE,HAAC_MALE,HAAC_FEMALE,HNAC_MALE,HNAC_FEMALE
R,7,2025,999,341784857,167737525,174047332,122145300,125118693,22075725,24172990,3574103,3472289,11325557,12347087,476336,477776,8140504,8458497,129630381,132881562,25255477,27520098,6903691,7046992,13886555,14910055,1009828,1009905,132763448,138876283,94527292,97239404,19923422,21982115,1158848,1196139,10851341,11864960,350615,350672,5951930,6242993,100005622,102974259,22178144,24382286,3383745,3646202,12874791,13890677,734483,733691,34974077,35171049,27618008,27879289,2152303,2190875,2415255,2276150,474216,482127,125721,127104,2188574,2215504,29624759,29907303,3077333,3137812,3519946,3400790,1011764,1019378,275345,276214
R,7,2025,0,3618898,1851154,1767744,1206897,1150910,293092,283637,46751,44596,113579,106461,6878,6666,183957,175474,1379194,1314985,382498,369624,98185,93747,178288,167771,17482,16746,1308518,1247505,818662,778203,246423,238793,11664,11351,102992,96245,4647,4459,124130,118454,935557,889617,306406,296767,40381,38633,149934,140709,11185,10524,542636,520239,388235,372707,46669,44844,35087,33245,10587,10216,2231,2207,59827,57020,443637,425368,76092,72857,57804,55114,28354,27062,6297,6222
R,7,2025,1,3642657,1862589,1780068,1210586,1155266,295087,285684,47758,45580,117939,110963,6938,6829,184281,175746,1383149,1319575,384554,371682,99205,94729,182924,172550,17568,16915,1311830,1251880,816428,776608,247710,240313,11599,11267,107176,100632,4696,4559,124221,118501,933378,888043,307579,298149,40240,38448,154396,145363,11256,10634,550759,528188,394158,378658,47377,45371,36159,34313,10763,10331,2242,2270,60060,57245,449771,431532,76975,73533,58965,56281,28528,27187,6312,6281
R,7,2025,2,3725891,1903014,1822877,1233136,1178391,304565,294858,49206,47826,122714,116105,7171,7178,186222,178519,1407489,1345254,394896,382134,101058,97686,188551,178806,17891,17427,1342656,1281803,831327,790888,256919,248911,11875,11639,111785,105532,4762,4633,125988,120200,949903,903882,317507,307441,40837,39112,159897,151152,11412,10794,560358,541074,401809,387503,47646,45947,37331,36187,10929,10573,2409,2545,60234,58319,457586,441372,77389,74693,60221,58574,28654,27654,6479,6633
R,7,2025,3,3791993,1935244,1856749,1254416,1200247,311163,303220,47440,45583,127334,120637,7241,6938,187650,180124,1430101,1368607,402192,391210,99535,95680,193763,184089,18019,17241,1379271,1319243,853920,812657,264076,257545,12263,11647,116610,110265,4838,4585,127564,122544,973963,927827,325348,317124,41534,39615,165459,156908,11576,10878,555973,537506,400496,387590,47087,45675,35177,33936,10724,10372,2403,2353,60086,57580,456138,440780,76844,74086,58001,56065,28304,27181,6443,6363
R,7,2025,4,3712428,1897991,1814437,1230137,1170147,308579,300092,45239,43662,124941,118973,6671,6334,182424,175229,1400945,1333942,397060,385720,95819,92374,189563,180682,17139,16331,1369029,1303758,847957,801341,264639,257568,12361,11894,115110,109301,4609,4273,124353,119381,964979,913544,324325,315583,40859,39141,162796,154768,11181,10398,528962,510679,382180,368806,43940,42524,32878,31768,9831,9672,2062,2061,58071,55848,435966,420398,72735,70137,54960,53233,26767,25914,5958,5933
R,7,2025,5,3833003,1957818,1875185,1282336,1223131,306098,298348,47415,45172,129623,123655,6958,6583,185388,178296,1455934,1389855,396117,385587,98529,94458,195378,186419,17568,16704,1428825,1367441,897002,852626,264723,258762,14169,13631,120094,114399,4851,4604,127986,123419,1017436,968635,326258,318856,43494,41810,169081,161276,11610,10931,528993,507744,385334,370505,41375,39586,33246,31541,9529,9256,2107,1979,57402,54877,438498,421220,69859,66731,55035,52648,26297,25143,5958,5773
R,7,2025,6,3887513,1982503,1905010,1306680,1249445,308547,302144,48534,46837,128038,123041,7207,6915,183497,176628,1478483,1414588,397174,387906,99540,95986,192902,185294,17922,17047,1451967,1392258,917908,873155,267862,263167,15131,14672,118619,113864,5044,4955,127403,122445,1037738,988158,329008,322526,44467,42825,167222,160212,11878,11384,530536,512752,388772,376290,40685,38977,33403,32165,9419,9177,2163,1960,56094,54183,440745,426430,68166,65380,55073,53161,25680,25082,6044,5663
R,7,2025,7,3958385,2020117,1938268,1334547,1274782,315647,308622,49881,47909,130320,124967,7454,6824,182268,175164,1505130,1438442,403060,393283,101156,97055,194786,186675,18300,16976,1485600,1421181,941379,894501,275242,269417,15307,14808,121105,115861,5310,4851,127257,121743,1061003,1008812,336022,328123,44953,42887,169606,162071,12309,11281,534517,517087,393168,380281,40405,39205,34574,33101,9215,9106,2144,1973,55011,53421,444127,429630,67038,65160,56203,54168,25180,24604,5991,5695
R,7,2025,8,4013109,2049622,1963487,1358685,1295705,316259,308340,51123,49440,134807,128847,7605,7083,181143,174072,1527822,1458139,401884,391928,103001,99595,199050,189680,18545,17390,1506922,1438060,957313,907970,275797,268764,16172,15607,125374,119767,5407,5040,126859,120912,1076314,1021376,335415,326757,46322,44451,173915,165206,12491,11584,542700,525427,401372,387735,40462,39576,34951,33833,9433,9080,2198,2043,54284,53160,451508,436763,66469,65171,56679,55144,25135,24474,6054,5806
R,7,2025,9,4095711,2091459,2004252,1399269,1333824,316845,310250,52393,50735,133524,127985,7529,7191,181899,174267,1569180,1496430,402109,392956,105635,101753,197578,188828,18550,17653,1536164,1469326,986586,935967,276513,270981,16454,16190,124081,118956,5355,5137,127175,122095,1105954,1050455,336072,329023,47424,45945,172161,164668,12416,11860,555295,534926,412683,397857,40332,39269,35939,34545,9443,9029,2174,2054,54724,52172,463226,445975,66037,63933,58211,55808,25417,24160,6134,5793
R,7,2025,10,4119512,2104613,2014899,1407047,1341960,322064,312757,52748,51400,135789,128721,7434,7238,179531,172823,1574740,1503188,406086,394789,106103,102670,198436,188419,18098,17415,1549848,1479718,993012,943597,281702,273189,16879,16182,126490,119965,5317,5125,126448,121660,1111666,1057631,340793,331129,48304,46166,173842,165043,12264,11704,554765,535181,414035,398363,40362,39568,35869,35218,9299,8756,2117,2113,53083,51163,463074,445557,65293,63660,57799,56504,24594,23376,5834,5711
R,7,2025,11,4102351,2097475,2004876,1407730,1340020,319817,310738,53011,50961,133631,127180,7469,7220,175817,168757,1572005,1497465,401314,390407,106078,101920,194898,185004,18066,17319,1547141,1474539,996263,944030,279877,271577,16856,16190,124330,118547,5308,5078,124507,119117,1113131,1055727,337516,328192,48346,46212,170892,162169,12257,11680,550334,530337,411467,395990,39940,39161,36155,34771,9301,8633,2161,2142,51310,49640,458874,441738,63798,62215,57732,55708,24006,22835,5809,5639
R,7,2025,12,4106943,2097485,2009458,1407047,1344629,319130,310493,53671,51202,137484,130000,7618,7166,172535,165968,1567943,1499211,398608,387755,106688,102582,197509,186911,18106,17112,1548049,1478308,995023,945781,279647,272144,17104,16320,128436,121350,5403,5058,122436,117655,1109813,1055891,336021,327188,48675,46833,174101,164559,12289,11566,549436,531150,412024,398848,39483,38349,36567,34882,9048,8650,2215,2108,50099,48313,458130,443320,62587,60567,58013,55749,23408,22352,5817,5546
R,7,2025,13,4116277,2103711,2012566,1417529,1352118,320495,310258,55133,52481,133796,127073,7433,7088,169325,163548,1575352,1504447,398120,385737,108285,103882,191971,182759,17764,16999,1549964,1478809,1001363,950093,281045,272604,17031,16429,124786,118613,5254,4958,120485,116112,1114219,1058694,336425,326503,48863,47122,169164,161018,12084,11541,553747,533757,416166,402025,39450,37654,38102,36052,9010,8460,2179,2130,48840,47436,461133,445753,61695,59234,59422,56760,22807,21741,5680,5458
R,7,2025,14,4175022,2135989,2039033,1444702,1373266,326357,315777,55436,53438,132327,125635,7506,7358,169661,163559,1602808,1525483,403321,390794,109902,105972,190180,181045,17830,17298,1567831,1491973,1014803,960621,286559,277120,17218,16497,123282,116943,5323,5059,120646,115733,1127766,1068761,341560,330527,49920,47853,167276,158963,12205,11539,568158,547060,429899,412645,39798,38657,38218,36941,9045,8692,2183,2299,49015,47826,475042,456722,61761,60267,59982,58119,22904,22082,5625,5759
R,7,2025,15,4269990,2183770,2086220,1482427,1410603,333546,321954,55975,53416,132293,126613,7435,7253,172094,166381,1642880,1565554,411789,398650,111567,107194,190285,182008,17830,17313,1595580,1523079,1031243,978622,294176,284087,17217,16998,123728,118363,5219,4941,123997,120068,1147351,1090903,350789,339644,51144,50159,168514,161044,12258,11666,588190,563141,451184,431981,39370,37867,38758,36418,8565,8250,2216,2312,48097,46313,495529,474651,61000,59006,60423,57035,21771,20964,5572,5647
R,7,2025,16,4351721,2226887,2124834,1518330,1440876,340286,328776,56553,54368,132342,127246,7410,7304,171966,166264,1678249,1595690,418248,405425,112862,108498,189716,181793,17981,17400,1622982,1548694,1051659,995924,300318,290850,17808,17384,123719,118943,5059,4900,124419,120693,1167864,1108737,357292,347074,52485,50942,168141,161280,12179,11827,603905,576140,466671,444952,39968,37926,38745,36984,8623,8303,2351,2404,47547,45571,510385,486953,60956,58351,60377,57556,21575,20513,5802,5573
R,7,2025,17,4499944,2302575,2197369,1572035,1492619,350088,338060,59792,56612,138757,133026,7661,7278,174242,169774,1734028,1650329,428791,415795,117772,113338,196386,188583,18550,17477,1674399,1599047,1084584,1029460,308984,299311,18727,17797,130015,124439,5188,4929,126901,123111,1202986,1144329,366806,356383,54865,52957,175015,167365,12583,11862,628176,598322,487451,463159,41104,38749,41065,38815,8742,8587,2473,2349,47341,46663,531042,506000,61985,59412,62907,60381,21371,21218,5967,5615
R,7,2025,18,4515570,2314301,2201269,1585118,1501255,349090,335399,61879,57065,140059,133655,7703,7492,170452,166403,1743435,1655620,425274,410468,120124,113715,196002,187957,18240,17782,1679589,1601406,1093435,1034784,307968,297155,18429,17882,131122,125289,5134,5117,123501,121179,1208617,1147712,363460,352455,54574,53209,174668,167559,12358,12092,634712,599863,491683,466471,41122,38244,43450,39183,8937,8366,2569,2375,46951,45224,534818,507908,61814,58013,65550,60506,21334,20398,5882,5690
R,7,2025,19,4478055,2296394,2181661,1580477,1491727,338586,328660,61536,56740,142933,137892,7725,7288,165137,159354,1733854,1639653,410884,399092,119164,111922,197276,190105,17820,17107,1667667,1590054,1091348,1030418,298913,290978,18162,17554,134166,129825,5225,4998,119853,116281,1203120,1138849,351550,343045,54126,52239,176756,170469,12139,11712,628727,591607,489129,461309,39673,37682,43374,39186,8767,8067,2500,2290,45284,43073,530734,500804,59334,56047,65038,59683,20520,19636,5681,5395
R,7,2025,20,4480764,2299304,2181460,1585250,1494851,335881,323472,62046,56917,147957,144305,7817,7350,160353,154565,1733987,1638024,404795,391258,119282,111711,200854,194657,17671,16763,1672746,1594989,1096981,1036302,296774,286598,18129,17457,139489,136463,5306,5146,116067,113023,1205000,1141360,346704,336531,53851,51956,180934,176133,12062,11660,626558,586471,488269,458549,39107,36874,43917,39460,8468,7842,2511,2204,44286,41542,528987,496664,58091,54727,65431,59755,19920,18524,5609,5103
R,7,2025,21,4515485,2317582,2197903,1603854,1510737,335099,323873,62124,55831,152151,148806,7952,7301,156402,151355,1748794,1651163,401208,389272,118803,110488,203657,197926,17702,16554,1695519,1614931,1117185,1053099,296883,287551,18165,17269,143908,141167,5437,5115,113941,110730,1223193,1156109,345130,335639,53983,52142,184524,179821,12161,11536,622063,582972,486669,457638,38216,36322,43959,38562,8243,7639,2515,2186,42461,40625,525601,495054,56078,53633,64820,58346,19133,18105,5541,5018
R,7,2025,22,4496120,2306745,2189375,1595543,1504317,333718,323244,61957,55364,157218,153062,7873,7273,150436,146115,1734911,1639636,396570,385148,117805,109449,206448,200501,17218,16069,1690359,1611290,1112514,1050113,295472,287364,17817,16697,149373,145245,5468,5113,109715,106758,1214436,1149324,341430,332897,53253,51156,188179,182573,11958,11297,616386,578085,483029,454204,38246,35880,44140,38667,7845,7817,2405,2160,40721,39357,520475,490312,55140,52251,64552,58293,18269,17928,5260,4772
R,7,2025,23,4581501,2332973,2248528,1606392,1537971,345833,342525,60812,55729,169194,163905,7774,7582,142968,140816,1738426,1667633,405212,402737,114183,107679,216095,209532,16964,16611,1717121,1667011,1121839,1080198,306911,305225,17555,17078,161315,156109,5518,5370,103983,103031,1218114,1175347,350220,349464,51225,50239,198179,192042,11958,11738,615852,581517,484553,457773,38922,37300,43257,38651,7879,7796,2256,2212,38985,37785,520312,492286,54992,53273,62958,57440,17916,17490,5006,4873
R,7,2025,24,4869364,2466582,2402782,1693877,1644621,368400,367069,61172,56456,194107,187685,8335,8324,140691,138627,1822996,1771986,426815,426318,113152,106037,240730,233763,17930,17687,1838854,1805892,1199157,1172084,327650,328782,17948,17794,185791,179537,6060,5897,102248,101798,1293187,1265749,370022,372495,50867,49245,222600,216357,12808,12617,627728,596890,494720,472537,40750,38287,43224,38662,8316,8148,2275,2427,38443,36829,529809,506237,56793,53823,62285,56792,18130,17406,5122,5070
R,7,2025,25,4906967,2486230,2420737,1716618,1660337,367228,368709,61101,55371,198382,193633,8690,8335,134211,134352,1839752,1783560,422381,426129,111501,103767,242621,238302,17742,17184,1863746,1830545,1223864,1192172,327635,330495,18039,17270,190043,185492,6396,5894,97769,99222,1313724,1283400,367670,372902,49755,48191,225341,221293,12890,12160,622484,590192,492754,468165,39593,38214,43062,38101,8339,8141,2294,2441,36442,35130,526028,500160,54711,53227,61746,55576,17280,17009,4852,5024
R,7,2025,26,4764474,2414206,2350268,1676555,1618976,349205,351385,58457,53084,192836,190205,8487,8189,128666,128429,1794520,1736861,401437,405602,107057,99866,235394,232633,17397,16692,1814323,1779643,1201061,1165625,311326,314738,17097,16377,184654,182078,6172,5820,94013,95005,1287382,1253019,349429,354985,48011,46513,218588,216056,12539,11871,599883,570625,475494,453351,37879,36647,41360,36707,8182,8127,2315,2369,34653,33424,507138,483842,52008,50617,59046,53353,16806,16577,4858,4821
R,7,2025,27,4631555,2346072,2285483,1630580,1569293,337260,339205,57114,51750,190610,193867,8196,7939,122312,123429,1742648,1682571,386389,390979,103897,97235,230750,234254,16478,15944,1764554,1734382,1169544,1130654,300777,304538,16287,15699,182722,185910,5992,5641,89232,91940,1251355,1215259,336534,343120,45806,45034,214944,218730,11980,11457,581518,551101,461036,438639,36483,34667,40827,36051,7888,7957,2204,2298,33080,31489,491293,467312,49855,47859,58091,52201,15806,15524,4498,4487
R,7,2025,28,4527973,2290623,2237350,1593304,1533161,326185,329270,56077,50164,189706,197170,7774,7491,117577,120094,1700849,1643233,372712,378855,101650,95518,228547,236297,15763,15254,1719413,1696948,1140346,1103260,290413,295495,15529,14797,182093,189541,5655,5458,85377,88397,1218611,1184388,323818,332048,44117,43617,213302,221148,11407,11015,571210,540402,452958,429901,35772,33775,40548,35367,7613,7629,2119,2033,32200,31697,482238,458845,48894,46807,57533,51901,15245,15149,4356,4239
R,7,2025,29,4511396,2278652,2232744,1589726,1530549,319441,326479,56373,50162,190508,200565,7690,7346,114914,117643,1694828,1638305,364444,374269,101362,95572,228298,238795,15701,15046,1712742,1695280,1141341,1103255,284169,292705,15323,14623,182884,192756,5577,5479,83448,86462,1217838,1182604,316351,327759,43536,43447,213398,223725,11362,11070,565910,537464,448385,427294,35272,33774,41050,35539,7624,7809,2113,1867,31466,31181,476990,455701,48093,46510,57826,52125,14900,15070,4339,3976
R,7,2025,30,4543064,2289233,2253831,1598705,1544059,324864,335806,56363,50310,189243,200307,7814,7462,112244,115887,1700990,1649792,368400,382787,101188,95512,226040,237643,15720,15352,1726249,1715795,1152846,1116276,289526,301191,15425,14828,181423,192599,5739,5520,81290,85381,1226949,1194285,320540,335485,43580,43873,211201,223008,11469,11286,562984,538036,445859,427783,35338,34615,40938,35482,7820,7708,2075,1942,30954,30506,474041,455507,47860,47302,57608,51639,14839,14635,4251,4066
R,7,2025,31,4575753,2301022,2274731,1607320,1555190,328872,345021,55549,50671,191224,201015,7729,7451,110328,115383,1707657,1660573,370608,391011,100359,96853,227510,238018,15845,15253,1744858,1739097,1165661,1129687,294289,310567,15580,15009,183758,193278,5691,5443,79879,85113,1238307,1207545,324012,344129,43588,44901,213296,223397,11635,11165,556164,535634,441659,425503,34583,34454,39969,35662,7466,7737,2038,2008,30449,30270,469350,453028,46596,46882,56771,51952,14214,14621,4210,4088
R,7,2025,32,4622744,2321114,2301630,1621767,1572777,333250,352468,56772,51575,194069,203510,7843,7509,107413,113791,1719300,1676463,373610,397318,101099,98468,229190,239538,15741,15204,1768111,1768444,1182927,1149941,298490,317879,15957,15473,186772,195893,5831,5424,78134,83834,1253901,1226409,327283,350288,43973,45989,215410,225369,11646,11078,553003,533186,438840,422836,34760,34589,40815,36102,7297,7617,2012,2085,29279,29957,465399,450054,46327,47030,57126,52479,13780,14169,4095,4126
R,7,2025,33,4697801,2355323,2342478,1654317,1607343,334197,357496,56923,52126,195281,204838,7639,7351,106966,113324,1751738,1710662,372980,400708,102548,100081,229794,240560,15472,15024,1802741,1809379,1214979,1184372,299709,322252,16502,16165,188018,197412,5650,5464,77883,83714,1285932,1260839,327086,353380,45717,47791,216212,226601,11475,11094,552582,533099,439338,422971,34488,35244,40421,35961,7263,7426,1989,1887,29083,29610,465806,449823,45894,47328,56831,52290,13582,13959,3997,3930
R,7,2025,34,4782320,2393433,2388887,1684693,1639688,338872,366086,57625,52575,199244,210085,7995,7691,105004,112762,1779594,1742263,376574,408617,102777,101089,233724,245797,15880,15491,1843134,1859195,1248345,1220828,304056,330719,16846,16464,191811,202481,5985,5724,76091,82979,1317182,1296428,330411,360992,45477,48316,220058,231650,11795,11540,550299,529692,436348,418860,34816,35367,40779,36111,7433,7604,2010,1967,28913,29783,462412,445835,46163,47625,57300,52773,13666,14147,4085,3951
R,7,2025,35,4815592,2405957,2409635,1698729,1657427,339353,368256,56905,52193,200770,212652,7818,7656,102382,111451,1791584,1758828,375062,409018,101375,101917,234518,247259,15560,15231,1864146,1884878,1267780,1241746,305537,333219,16817,16568,193555,205527,5813,5694,74644,82124,1335500,1316514,330317,361960,45481,49652,221322,233929,11588,11407,541811,524757,430949,415681,33816,35037,40088,35625,7215,7125,2005,1962,27738,29327,456084,442314,44745,47058,55894,52265,13196,13330,3972,3824
R,7,2025,36,4673999,2331699,2342300,1651028,1613419,323599,353878,54289,50665,197595,211494,7518,7202,97670,105642,1739613,1709314,357237,391770,97638,98239,229408,244720,14800,14505,1817833,1841178,1242457,1215588,291796,320624,16190,16291,190710,204649,5629,5352,71051,78674,1306844,1286972,314991,347588,44012,48379,216949,232230,11194,10907,513866,501122,408571,397831,31803,33254,38099,34374,6885,6845,1889,1850,26619,26968,432769,422342,42246,44182,53626,49860,12459,12490,3606,3598
R,7,2025,37,4593584,2286824,2306760,1630902,1600667,309395,340551,54140,49832,191068,206153,7310,7172,94009,102385,1716175,1693714,340654,377022,96355,96930,221772,237788,14409,14190,1780597,1812852,1227408,1208153,278671,308352,15964,15699,184431,199489,5390,5300,68733,75859,1289735,1277206,300298,334023,43226,47346,209947,225599,10767,10642,506227,493908,403494,392514,30724,32199,38176,34133,6637,6664,1920,1872,25276,26526,426440,416508,40356,42999,53129,49584,11825,12189,3642,3548
R,7,2025,38,4534325,2257389,2276936,1619594,1587501,302374,332747,52595,48836,185380,200812,7223,7003,90223,100037,1701242,1678458,332274,367765,94103,95898,214600,231526,14067,13724,1762179,1791127,1223858,1200969,272556,301626,15530,15311,178910,194141,5388,5118,65937,73962,1283387,1268239,293266,326081,42381,47002,203225,219637,10671,10190,495210,485809,395736,386532,29818,31121,37065,33525,6470,6671,1835,1885,24286,26075,417855,410219,39008,41684,51722,48896,11375,11889,3396,3534
R,7,2025,39,4553803,2266982,2286821,1632969,1602086,299450,330799,52943,49232,184576,200406,7167,6901,89877,97397,1714367,1690456,328444,363938,95049,96251,213593,229849,14112,13590,1770578,1803937,1236088,1216534,269710,300532,15229,15496,178191,193895,5393,5153,65967,72327,1295845,1282174,289519,323746,42924,47642,202356,218269,10662,10238,496404,482884,396881,385552,29740,30267,37714,33736,6385,6511,1774,1748,23910,25070,418522,408282,38925,40192,52125,48609,11237,11580,3450,3352
R,7,2025,40,4532076,2254136,2277940,1630585,1600524,295132,326361,52132,49188,182751,199773,7012,6897,86524,95197,1708911,1686966,322237,357903,93575,96381,210533,228108,13700,13477,1766544,1799792,1240056,1218365,266889,296834,14840,15508,176461,193442,5247,5225,63051,70418,1297081,1282294,285232,318671,41969,47683,199526,216987,10325,10222,487592,478148,390529,382159,28243,29527,37292,33680,6290,6331,1765,1672,23473,24779,411830,404672,37005,39232,51606,48698,11007,11121,3375,3255
R,7,2025,41,4402175,2184618,2217557,1582008,1559322,282636,316135,51014,47871,179376,195802,6757,6742,82827,91685,1656663,1642303,308331,345982,91557,94324,205657,222994,13240,13256,1712430,1750105,1203751,1184131,255226,288181,14663,15024,173289,189748,5066,5007,60435,68014,1258106,1245662,272742,308849,41280,46996,195100,212188,10060,10014,472188,467452,378257,375191,27410,27954,36351,32847,6087,6054,1691,1735,22392,23671,398557,396641,35589,37133,50277,47328,10557,10806,3180,3242
R,7,2025,42,4445939,2200027,2245912,1598438,1583791,285016,319188,51580,48924,175341,195311,6583,6695,83069,92003,1673581,1666894,310489,348724,93082,96784,200874,221870,13003,13167,1728214,1772063,1219852,1203381,257932,290912,14911,15379,169569,189282,4891,5006,61059,68103,1274994,1264881,275393,311361,42652,48333,190782,211237,9802,9933,471813,473849,378586,380410,27084,28276,36669,33545,5772,6029,1692,1689,22010,23900,398587,402013,35096,37363,50430,48451,10092,10633,3201,3234
R,7,2025,43,4407374,2175177,2232197,1586012,1577779,281121,317280,50766,48191,170739,192158,6492,6598,80047,90191,1658300,1659226,305556,346381,91471,95820,194915,217652,12742,12915,1708984,1760992,1211566,1198595,254441,289345,14681,14834,164981,186178,4835,4862,58480,67178,1264225,1259304,271239,309615,41726,48020,184944,207191,9671,9691,466193,471205,374446,379184,26680,27935,36085,33357,5758,5980,1657,1736,21567,23013,394075,399922,34317,36766,49745,47800,9971,10461,3071,3224
R,7,2025,44,4362148,2153611,2208537,1575505,1566070,279620,315403,50286,47892,162804,184889,6406,6318,78990,87965,1646604,1645590,303604,343670,91065,94903,186192,209215,12513,12350,1693337,1742401,1205464,1190717,253793,287881,14417,14899,157084,178961,4697,4687,57882,65256,1257473,1249705,270255,307580,41697,47538,176487,199036,9361,9256,460274,466136,370041,375353,25827,27522,35869,32993,5720,5928,1709,1631,21108,22709,389131,395885,33349,36090,49368,47365,9705,10179,3152,3094
R,7,2025,45,4349504,2146982,2202522,1569383,1558641,284147,319625,50112,47973,159419,182542,6525,6563,77396,87178,1639146,1637291,307585,347591,90861,95045,181786,206382,12406,12670,1686415,1737568,1197806,1184118,258800,292239,14548,15065,153759,176761,4854,4820,56648,64565,1248721,1242317,274772,311637,41978,47855,172283,196355,9449,9460,460567,464954,371577,374523,25347,27386,35564,32908,5660,5781,1671,1743,20748,22613,390425,394974,32813,35954,48883,47190,9503,10027,2957,3210
R,7,2025,46,4138567,2037944,2100623,1491920,1488538,268216,302991,47376,45274,151684,175669,6097,6018,72651,82133,1557349,1562570,289955,329212,85868,89720,172592,197998,11615,11659,1606085,1659713,1143070,1132946,244717,277258,13774,13885,146547,170188,4527,4391,53450,61045,1191149,1187966,259588,295280,39842,45050,163923,188656,8794,8688,431859,440910,348850,355592,23499,25733,33602,31389,5137,5481,1570,1627,19201,21088,366200,374604,30367,33932,46026,44670,8669,9342,2821,2971
R,7,2025,47,4032710,1982998,2049712,1459680,1460611,256136,289984,45670,44735,145792,169335,5657,5799,70063,79248,1522896,1532018,276704,314711,83319,88177,165941,191030,10700,11124,1559783,1616107,1116031,1109552,233827,265434,13226,13963,140887,163972,4262,4254,51550,58932,1162474,1162594,247845,282624,38814,44473,157661,181856,8120,8383,423215,433605,343649,351059,22309,24550,32444,30772,4905,5363,1395,1545,18513,20316,360422,369424,28859,32087,44505,43704,8280,9174,2580,2741
R,7,2025,48,3981371,1953698,2027673,1439590,1444652,251081,287415,45025,43681,144336,168841,5587,5759,68079,77325,1500952,1514370,271028,311241,82247,86899,163481,189701,10607,10970,1539565,1598004,1102496,1095145,229634,263387,13512,14019,139454,163632,4138,4241,50331,57580,1147752,1147007,243171,279812,39050,44463,155450,180849,7987,8208,414133,429669,337094,349507,21447,24028,31513,29662,4882,5209,1449,1518,17748,19745,353200,367363,27857,31429,43197,42436,8031,8852,2620,2762
R,7,2025,49,3853950,1891547,1962403,1391610,1399102,241284,275263,43434,42049,144297,167479,5252,5461,65670,73049,1450731,1464782,259769,297675,79921,83213,162560,186877,10108,10301,1488346,1543416,1062724,1056524,220530,252606,12866,13266,139652,162368,3994,4034,48580,54618,1106377,1105569,233152,268252,37962,42341,154944,178509,7777,7804,403201,418987,328886,342578,20754,22657,30568,28783,4645,5111,1258,1427,17090,18431,344354,359213,26617,29423,41959,40872,7616,8368,2331,2497
R,7,2025,50,3891961,1909698,1982263,1410127,1418964,242380,275422,42212,42054,146377,168965,5162,5243,63440,71615,1467158,1483443,260210,296710,77837,82735,163761,188137,9693,9858,1514290,1569387,1086275,1080370,222244,253709,12894,13508,141770,164049,3916,3911,47191,53840,1128594,1128712,234654,268576,37620,42499,156255,180066,7411,7460,395408,412876,323852,338594,20136,21713,29318,28546,4607,4916,1246,1332,16249,17775,338564,354731,25556,28134,40217,40236,7506,8071,2282,2398
R,7,2025,51,3794286,1859070,1935216,1372932,1385955,234982,267842,41065,40130,144245,166640,4876,5184,60970,69465,1427779,1448459,251857,288326,75602,79881,160959,185129,9207,9654,1479501,1536287,1060992,1057569,216250,247171,12618,13293,139973,161972,3709,3801,45959,52481,1102200,1104671,228079,261594,37118,41855,154050,177437,7075,7285,379569,398929,311940,328386,18732,20671,28447,26837,4272,4668,1167,1383,15011,16984,325579,343788,23778,26732,38484,38026,6909,7692,2132,2369
R,7,2025,52,3850572,1880248,1970324,1388099,1410381,241547,276232,40513,40351,144549,169113,4942,5055,60598,69192,1442598,1472499,258099,296612,75057,80167,161050,187349,9202,9567,1507048,1574947,1081173,1084397,223268,255750,12898,13645,140317,164450,3733,3781,45659,52924,1122069,1131839,234839,270242,37377,42746,154219,179774,7123,7287,373200,395377,306926,325984,18279,20482,27615,26706,4232,4663,1209,1274,14939,16268,320529,340660,23260,26370,37680,37421,6831,7575,2079,2280
R,7,2025,53,4002417,1953716,2048701,1456688,1481647,246582,283636,40359,39834,143576,168393,4810,5013,61701,70178,1512194,1544849,263142,303648,76328,81171,159712,186257,9166,9542,1586140,1658259,1153130,1159109,228957,263682,13450,13785,139399,163778,3633,3735,47571,54170,1195791,1207767,240923,278132,39784,44418,153113,178923,7098,7288,367576,390442,303558,322538,17625,19954,26909,26049,4177,4615,1177,1278,14130,16008,316403,337082,22219,25516,36544,36753,6599,7334,2068,2254
R,7,2025,54,4239446,2072110,2167336,1563522,1587249,258187,296989,40254,40566,140987,164752,5063,5033,64097,72747,1621312,1652823,275057,317477,78561,84223,157195,182478,9547,9699,1703761,1777603,1259136,1264982,240421,277080,13853,14531,136744,160253,3844,3840,49763,56917,1303955,1316128,252477,292055,42317,47714,150542,175250,7410,7598,368349,389733,304386,322267,17766,19909,26401,26035,4243,4499,1219,1193,14334,15830,317357,336695,22580,25422,36244,36509,6653,7228,2137,2101
R,7,2025,55,4198956,2051195,2147761,1555568,1583076,251571,287327,39216,39210,138446,162637,4813,4990,61581,70521,1611081,1646566,267708,307062,76208,82011,153577,179592,9262,9638,1691608,1770943,1257952,1271157,234126,268346,13284,14385,134477,158264,3695,3845,48074,54946,1301175,1320487,245919,282814,41039,46688,147382,172514,7311,7586,359587,376818,297616,311919,17445,18981,25932,24825,3969,4373,1118,1145,13507,15575,309906,326079,21789,24248,35169,35323,6195,7078,1951,2052
R,7,2025,56,4038266,1967127,2071139,1499067,1533706,236483,272463,37111,37536,132118,156163,4496,4841,57852,66430,1551376,1593602,251336,290702,72338,78585,146239,171618,8474,9052,1626489,1712738,1215861,1236502,220398,254552,13122,13998,128498,152107,3475,3692,45135,51887,1256592,1283213,231131,267624,39604,45369,140512,165126,6697,7038,340638,358401,283206,297204,16085,17911,23989,23538,3620,4056,1021,1149,12717,14543,294784,310389,20205,23078,32734,33216,5727,6492,1777,2014
R,7,2025,57,3936645,1913823,2022822,1458757,1497259,235163,273334,36108,35814,125245,148922,4415,4731,54135,62762,1507505,1553672,249017,290708,69513,74811,138065,163280,8190,8871,1583177,1675087,1183567,1207650,219548,255984,12803,13702,121676,145023,3426,3638,42157,49090,1221385,1251667,229514,268554,38118,43617,132486,157036,6483,6985,330646,347735,275190,289609,15615,17350,23305,22112,3569,3899,989,1093,11978,13672,286120,302005,19503,22154,31395,31194,5579,6244,1707,1886
R,7,2025,58,3932339,1905741,2026598,1465860,1514728,232129,272868,34678,35168,115907,137551,4458,4633,52709,61650,1513489,1570322,245470,289870,67731,74085,127901,150806,8082,8589,1587911,1690962,1200409,1234970,217546,255941,12878,13866,112501,133903,3440,3581,41137,48701,1237500,1278777,227196,268511,37862,44056,122660,145061,6419,6761,317830,335636,265451,279758,14583,16927,21800,21302,3406,3648,1018,1052,11572,12949,275989,291545,18274,21359,29869,30029,5241,5745,1663,1828
R,7,2025,59,4006693,1939332,2067361,1489425,1543142,240471,283028,34705,35504,117471,139222,4397,4709,52863,61756,1536769,1598567,254018,299965,68158,74864,129265,152476,8159,8698,1624333,1734597,1226164,1265411,225503,266567,13334,14397,114180,135643,3432,3676,41720,48903,1263413,1309233,235337,278986,39219,45129,124144,146762,6500,6891,314999,332764,263261,277731,14968,16461,21371,21107,3291,3579,965,1033,11143,12853,273356,289334,18681,20979,28939,29735,5121,5714,1659,1807
R,7,2025,60,4165059,2008112,2156947,1555367,1626715,244397,288831,34575,35289,116269,138573,4288,4782,53216,62757,1603280,1683125,257509,305882,68679,75780,127947,151537,8015,8760,1700202,1828872,1297297,1351742,230151,272596,13804,15259,113112,135108,3338,3773,42500,50394,1335462,1397002,239888,285384,40433,47395,123100,146022,6403,7024,307910,328075,258070,274973,14246,16235,20771,20030,3157,3465,950,1009,10716,12363,267818,286123,17621,20498,28246,28385,4847,5515,1612,1736
R,7,2025,61,4249243,2043368,2205875,1592228,1675171,242274,287669,33909,34779,117538,140943,4057,4518,53362,62795,1640319,1731677,255318,303998,68733,76020,128811,153870,7706,8482,1748419,1887263,1344849,1407798,228561,271801,14063,15392,114596,137765,3240,3518,43110,50989,1383584,1453560,238336,284166,41785,48577,124237,148802,6242,6799,294949,318612,247379,267373,13713,15868,19846,19387,2942,3178,817,1000,10252,11806,256735,278117,16982,19832,26948,27443,4574,5068,1464,1683
R,7,2025,62,4235851,2032236,2203615,1589707,1682111,236139,282753,32715,33564,117763,139147,3936,4434,51976,61606,1636501,1737513,248527,298872,66861,74208,128757,151496,7388,8238,1752301,1898784,1354359,1425752,223440,268062,14056,15304,114898,135872,3144,3543,42404,50251,1392456,1470846,232799,280398,41510,48210,124382,146404,6057,6689,279935,304831,235348,256359,12699,14691,18659,18260,2865,3275,792,891,9572,11355,244045,266667,15728,18474,25351,25998,4375,5092,1331,1549
R,7,2025,63,4202552,2010402,2192150,1588558,1690926,229803,277489,31007,32680,106505,126645,4051,4391,50478,60019,1634163,1745055,241568,292920,64418,72663,117064,138459,7364,8070,1744040,1900704,1364129,1445124,217803,263886,13641,15145,103867,123629,3262,3494,41338,49426,1401386,1489608,226767,275780,40617,47843,113064,133796,6055,6547,266362,291446,224429,245802,12000,13603,17366,17535,2638,3016,789,897,9140,10593,232777,255447,14801,17140,23801,24820,4000,4663,1309,1523
R,7,2025,64,4224112,2014412,2209700,1601953,1713920,227031,276174,29794,32065,102107,124329,3842,4144,49685,59068,1646788,1767069,238853,291129,62889,71855,112381,135798,7052,7805,1761221,1929450,1388542,1477773,215628,263077,13453,15258,99657,121453,3086,3321,40855,48568,1425323,1521401,224588,274563,40378,47788,108546,131286,5772,6293,253191,280250,213411,236147,11403,13097,16341,16807,2450,2876,756,823,8830,10500,221465,245668,14265,16566,22511,24067,3835,4512,1280,1512
R,7,2025,65,4155651,1974867,2180784,1566739,1687216,223677,273741,29229,31318,103687,127307,3600,4081,47935,57121,1609964,1738476,234796,288620,61167,69453,113659,138491,6746,7521,1729683,1907994,1359935,1457187,212556,260928,13284,14921,101326,124517,2931,3301,39651,47140,1395583,1499380,221118,272483,39373,46213,110070,134098,5566,6159,245184,272790,206804,230029,11121,12813,15945,16397,2361,2790,669,780,8284,9981,214381,239096,13678,16137,21794,23240,3589,4393,1180,1362
R,7,2025,66,4053717,1917853,2135864,1530418,1661530,213709,265149,27154,29652,97683,121315,3455,3779,45434,54439,1571308,1710610,224273,278976,57686,66394,107015,131716,6289,7001,1691574,1881305,1339385,1446423,203561,253425,12576,14435,95477,118716,2818,3110,37757,45196,1373306,1487056,211804,264255,37585,44784,103668,127720,5201,5778,226279,254559,191033,215107,10148,11724,14578,15217,2206,2599,637,669,7677,9243,198002,223554,12469,14721,20101,21610,3347,3996,1088,1223
R,7,2025,67,4009421,1889770,2119651,1514815,1657881,205054,256012,25310,28094,97870,121580,3225,3559,43496,52525,1554033,1705143,215075,269432,54526,63819,106776,131494,5936,6551,1679070,1877645,1336391,1452934,195497,244897,12252,14019,95888,119121,2653,2901,36389,43773,1369101,1492248,203331,255448,36447,43610,103742,127720,4968,5384,210700,242006,178424,204947,9557,11115,13058,14075,1982,2459,572,658,7107,8752,184932,212895,11744,13984,18079,20209,3034,3774,968,1167
R,7,2025,68,3937544,1847326,2090218,1487012,1640357,197609,251360,24781,26894,93242,118095,3156,3459,41526,50053,1524418,1685373,207181,264017,52870,61281,101640,127220,5733,6370,1645937,1856269,1316402,1441599,188704,240653,11909,13463,91351,115840,2647,2820,34924,41894,1347790,1479161,196265,250718,35292,42127,98791,123731,4846,5273,201389,233949,170610,198758,8905,10707,12872,13431,1891,2255,509,639,6602,8159,176628,206212,10916,13299,17578,19154,2849,3489,887,1097
R,7,2025,69,3765126,1759169,2005957,1418338,1575541,185131,238531,22932,25192,91035,116142,2839,3257,38894,47294,1453467,1618068,194042,250476,49106,57577,98809,124955,5350,6005,1570200,1785037,1258162,1387432,176803,228349,10978,13002,89217,113891,2345,2702,32695,39661,1287627,1423006,183815,237782,32742,40064,96074,121570,4461,5030,188969,220920,160176,188109,8328,10182,11954,12190,1818,2251,494,555,6199,7633,165840,195062,10227,12694,16364,17513,2735,3385,889,975
R,7,2025,70,3676071,1711934,1964137,1386068,1550443,176382,228453,21731,24208,88440,113264,2729,3184,36584,44585,1418913,1590329,184881,239823,46504,54517,95723,121794,5138,5919,1532972,1752761,1234237,1370460,168339,218935,10628,12189,86785,111230,2258,2620,30725,37327,1261767,1403705,175049,227885,31227,37408,93227,118706,4326,4956,178962,211376,151831,179983,8043,9518,11103,12019,1655,2034,471,564,5859,7258,157146,186624,9832,11938,15277,17109,2496,3088,812,963
R,7,2025,71,3513126,1625852,1887274,1326952,1500300,161771,214760,19464,22231,82204,105607,2491,2944,32970,41432,1356686,1537423,169496,225448,41986,50673,88578,113056,4521,5456,1463982,1691371,1188966,1332761,154536,206054,9792,11596,80751,103690,2084,2422,27853,34848,1214026,1363896,160595,214500,28669,35482,86419,110179,3840,4577,161870,195903,137986,167539,7235,8706,9672,10635,1453,1917,407,522,5117,6584,142660,173527,8901,10948,13317,15191,2159,2877,681,879
R,7,2025,72,3351950,1545115,1806835,1268412,1444653,148099,199925,17969,20420,77601,99998,2292,2684,30742,39155,1296070,1479877,155212,209891,38923,47248,83623,107096,4248,5040,1395607,1623562,1140536,1287399,141570,191781,9230,10930,76254,98352,1915,2229,26102,32871,1163953,1316832,147245,199703,26884,33352,81631,104554,3598,4266,149508,183273,127876,157254,6529,8144,8739,9490,1347,1646,377,455,4640,6284,132117,163045,7967,10188,12039,13896,1992,2542,650,774
R,7,2025,73,3183604,1462281,1721323,1207382,1383273,136432,187151,16128,18927,71867,93869,2148,2511,28324,35592,1232880,1415145,143028,196247,35577,43563,77274,100147,3995,4684,1325637,1551586,1090022,1237163,130488,179727,8470,10184,70632,92351,1824,2079,24201,30082,1111724,1264007,135815,186918,24968,31034,75466,97859,3406,3947,136644,169737,117360,146110,5944,7424,7658,8743,1235,1518,324,432,4123,5510,121156,151138,7213,9329,10609,12529,1808,2288,589,737
R,7,2025,74,3041941,1388836,1653105,1148033,1326635,129980,182775,15262,17998,67136,89525,1920,2359,26505,33813,1171838,1356979,136211,191683,33644,41523,71979,95180,3595,4370,1258809,1490629,1036186,1186833,124388,175764,8001,9580,66044,88075,1650,1957,22540,28420,1056336,1212228,129408,182843,23551,29385,70334,92963,3111,3683,130027,162476,111847,139802,5592,7011,7261,8418,1092,1450,270,402,3965,5393,115502,144751,6803,8840,10093,12138,1645,2217,484,687
R,7,2025,75,2880970,1309006,1571964,1080205,1260429,120311,171128,14220,16517,67617,90123,1828,2105,24825,31662,1102538,1288731,126157,179495,31289,38274,72266,95706,3444,4075,1188799,1417819,976758,1127223,115138,164386,7586,9026,66554,88697,1549,1775,21214,26712,995780,1150992,119820,171081,22070,27373,70701,93548,2985,3486,120207,154145,103447,133206,5173,6742,6634,7491,1063,1426,279,330,3611,4950,106758,137739,6337,8414,9219,10901,1565,2158,459,589
R,7,2025,76,2760961,1247339,1513622,1039508,1227201,108759,156706,13118,15230,61312,82563,1734,2040,22908,29882,1060134,1253969,113978,164467,29016,36054,65536,87537,3289,3894,1137929,1372125,944907,1104558,104313,150756,7115,8387,60310,81284,1458,1725,19826,25415,962709,1127258,108527,157003,20858,26113,64101,85656,2835,3327,109410,141497,94601,122643,4446,5950,6003,6843,1002,1279,276,315,3082,4467,97425,126711,5451,7464,8158,9941,1435,1881,454,567
R,7,2025,77,2662822,1199664,1463158,1009585,1198209,98394,144435,11870,14117,56981,76167,1530,1904,21304,28326,1028836,1223613,103219,151735,26688,33857,60831,80858,2916,3617,1097479,1329773,920867,1082450,94299,138824,6650,7847,56121,74967,1291,1604,18251,24081,937300,1103961,98259,144709,19236,24594,59573,79093,2536,3120,102185,133385,88718,115759,4095,5611,5220,6270,860,1200,239,300,3053,4245,91536,119652,4960,7026,7452,9263,1258,1765,380,497
R,7,2025,78,2712909,1218832,1494077,1042982,1247372,89985,133635,11402,13539,52008,70049,1424,1627,21031,27855,1062029,1272551,94629,140703,26278,33283,55592,74431,2760,3260,1124138,1368022,960531,1137646,86308,128441,6523,7718,51239,68946,1223,1373,18314,23898,977115,1159183,90124,134187,19471,24709,54416,72773,2415,2814,94694,126055,82451,109726,3677,5194,4879,5821,769,1103,201,254,2717,3957,84914,113368,4505,6516,6807,8574,1176,1658,345,446
R,7,2025,79,1941929,861138,1080791,724075,884848,68433,104942,8508,10889,43650,58214,1199,1498,15273,20400,737879,903130,71994,110332,18925,24739,46480,61797,2289,2880,782090,972084,655122,790382,65246,100229,4663,5885,42977,57228,1015,1261,13067,17099,666921,805629,68066,104498,13552,17502,45484,60352,1989,2465,79048,108707,68953,94466,3187,4713,3845,5004,673,986,184,237,2206,3301,70958,97501,3928,5834,5373,7237,996,1445,300,415
R,7,2025,80,1835073,805646,1029427,679811,845862,63101,99535,7744,10040,39883,53902,1022,1324,14085,18764,692515,862594,66367,104604,17397,22750,42499,57107,2070,2627,734163,930181,617358,759015,60308,95488,4271,5590,39298,53050,872,1101,12056,15937,628188,773173,62935,99569,12481,16392,41628,55861,1805,2236,71483,99246,62453,86847,2793,4047,3473,4450,585,852,150,223,2029,2827,64327,89421,3432,5035,4916,6358,871,1246,265,391
R,7,2025,81,1733996,753455,980541,639898,813347,56488,90252,7170,9310,36236,48678,910,1199,12753,17755,651375,829171,59597,95156,15896,21522,38507,51552,1837,2424,689538,888849,583898,733030,53997,86642,4066,5122,35775,47895,784,1007,11018,15153,593777,746485,56540,90651,11608,15551,37807,50418,1598,2086,63917,91692,56000,80317,2491,3610,3104,4188,461,783,126,192,1735,2602,57598,82686,3057,4505,4288,5971,700,1134,239,338
R,7,2025,82,1707298,734146,973152,630257,816649,52023,86467,6345,8587,32802,43599,782,1065,11937,16785,641022,831673,54845,91060,14525,20176,34945,46250,1660,2189,675791,887214,578959,741538,49761,82856,3699,4739,32310,42914,679,888,10383,14279,588325,754260,52056,86529,10834,14685,34208,45194,1449,1890,58355,85938,51298,75111,2262,3611,2646,3848,492,685,103,177,1554,2506,52697,77413,2789,4531,3691,5491,737,1056,211,299
R,7,2025,83,1418183,600989,817194,511177,679727,43886,73898,5418,7544,29787,40980,686,986,10035,14059,520207,692320,46246,77631,12329,17280,31617,43327,1384,1885,550395,742354,466571,613963,41934,71054,3202,4151,29420,40371,586,817,8682,11998,474362,624643,43880,74084,9163,12477,31061,42430,1197,1622,50594,74840,44606,65764,1952,2844,2216,3393,367,609,100,169,1353,2061,45845,67677,2366,3547,3166,4803,556,897,187,263
R,7,2025,84,1233760,513572,720188,435086,596206,37905,67159,4805,6741,26433,36598,641,807,8702,12677,442935,607497,40050,70682,10711,15393,28059,38751,1244,1687,468698,651605,395547,535812,36183,64518,2860,3784,26098,36058,554,672,7456,10761,402252,545367,37893,67356,7909,11132,27554,37937,1075,1441,44874,68583,39539,60394,1722,2641,1945,2957,335,540,87,135,1246,1916,40683,62130,2157,3326,2802,4261,505,814,169,246
R,7,2025,85,1089965,446076,643889,376063,532116,33271,60415,4347,6091,24253,33339,530,779,7612,11149,382871,541992,35157,63570,9475,13624,25715,35221,1070,1544,405813,580677,340628,476440,31723,57867,2524,3414,23933,32828,422,631,6583,9497,346507,484786,33269,60440,6921,9843,25246,34480,910,1305,40263,63212,35435,55676,1548,2548,1823,2677,320,511,108,148,1029,1652,36364,57206,1888,3130,2554,3781,469,741,160,239
R,7,2025,86,968175,392141,576034,332285,479080,28186,51809,3663,5411,21047,29184,423,679,6537,9871,338154,487854,29773,54595,8020,12046,22333,30822,916,1374,356884,519870,301158,429413,26803,49586,2085,3123,20790,28742,350,565,5698,8441,306255,436877,28102,51854,5879,8813,21955,30187,803,1189,35257,56164,31127,49667,1383,2223,1578,2288,257,442,73,114,839,1430,31899,50977,1671,2741,2141,3233,378,635,113,185
R,7,2025,87,862937,342832,520105,290868,432602,24166,46840,3093,4878,18423,26451,389,568,5893,8766,296158,440393,25622,49373,7044,10649,19541,27997,796,1173,312442,470227,263825,388546,23043,44840,1915,2804,18192,26080,329,458,5138,7499,268432,395168,24228,46935,5367,7752,19201,27437,686,992,30390,49878,27043,44056,1123,2000,1178,2074,231,371,60,110,755,1267,27726,45225,1394,2438,1677,2897,340,560,110,181
R,7,2025,88,732973,286342,446631,242111,371159,20287,40151,2660,4117,15948,23047,325,534,5011,7623,246634,377873,21585,42364,5956,9068,16933,24478,700,1101,260509,403109,219211,332693,19322,38423,1575,2344,15750,22700,280,434,4371,6515,223142,338386,20378,40266,4456,6562,16642,23963,616,937,25833,43522,22900,38466,965,1728,1085,1773,198,347,45,100,640,1108,23492,39487,1207,2098,1500,2506,291,515,84,164
R,7,2025,89,638772,245481,393291,207710,326618,17396,35534,2266,3681,13548,20417,242,420,4319,6621,211586,332464,18526,37493,4997,8028,14456,21625,583,882,223407,355143,188095,292822,16586,34115,1359,2110,13384,20086,202,351,3781,5659,191483,297795,17524,35727,3730,5839,14202,21147,513,760,22074,38148,19615,33796,810,1419,907,1571,164,331,40,69,538,962,20103,34669,1002,1766,1267,2189,254,478,70,122
R,7,2025,90,557041,208815,348226,177046,289706,14417,30896,1945,3288,11570,18012,260,382,3577,5942,180240,294922,15377,32563,4176,7153,12324,19110,547,828,189788,314375,160057,259724,13712,29603,1212,1871,11443,17730,221,319,3143,5128,162848,264196,14522,30980,3158,5230,12137,18711,479,719,19027,33851,16989,29982,705,1293,733,1417,127,282,39,63,434,814,17392,30726,855,1583,1018,1923,187,399,68,109
R,7,2025,91,445826,164287,281539,138947,233567,11388,25171,1535,2553,9340,15031,205,310,2872,4907,141509,237876,12116,26637,3347,5667,9978,16036,428,689,149239,254511,125540,209557,10863,24092,921,1506,9234,14815,168,264,2513,4277,127771,213306,11477,25296,2482,4223,9815,15716,365,605,15048,27028,13407,24010,525,1079,614,1047,106,216,37,46,359,630,13738,24570,639,1341,865,1444,163,320,63,84
R,7,2025,92,385176,139225,245951,118102,204516,9397,21246,1263,2251,7792,13526,149,284,2522,4128,120389,208109,10047,22428,2810,4887,8360,14358,342,639,127047,222894,107251,183934,8953,20373,794,1395,7696,13339,128,242,2225,3611,109262,187070,9498,21367,2158,3693,8212,14093,302,563,12178,23057,10851,20582,444,873,469,856,96,187,21,42,297,517,11127,21039,549,1061,652,1194,148,265,40,76
R,7,2025,93,320003,112249,207754,95476,173362,7256,17531,1026,1915,6270,11114,119,254,2102,3578,97341,176472,7805,18636,2308,4161,6758,11817,316,561,102234,188496,86523,156187,6921,16801,613,1184,6199,10957,104,212,1874,3155,88187,158908,7411,17750,1736,3166,6645,11596,282,490,10015,19258,8953,17175,335,730,413,731,71,157,15,42,228,423,9154,17564,394,886,572,995,113,221,34,71
R,7,2025,94,263215,89964,173251,76700,144936,5660,14190,804,1524,5104,9389,108,196,1588,3016,78123,147509,6098,15106,1772,3444,5479,9999,245,468,81869,157140,69452,130577,5388,13566,497,922,5041,9281,91,169,1400,2625,70705,132797,5754,14338,1347,2587,5375,9832,210,414,8095,16111,7248,14359,272,624,307,602,63,108,17,27,188,391,7418,14712,344,768,425,857,104,167,35,54
R,7,2025,95,214551,70995,143556,60090,119595,4479,11807,713,1268,4326,8179,79,171,1308,2536,61233,121797,4836,12549,1490,2875,4643,8706,203,397,64656,130304,54420,107778,4269,11306,440,784,4285,8064,68,149,1174,2223,55442,109688,4582,11924,1126,2201,4583,8538,184,356,6339,13252,5670,11817,210,501,273,484,41,115,11,22,134,313,5791,12109,254,625,364,674,60,168,19,41
R,7,2025,96,161685,52116,109569,44065,91288,3334,9003,504,867,3162,6307,58,130,993,1974,44933,92986,3631,9631,1133,2090,3384,6699,155,313,47441,99792,39899,82601,3179,8606,318,547,3123,6214,49,114,873,1710,40664,84053,3421,9156,872,1583,3326,6567,134,275,4675,9777,4166,8687,155,397,186,320,39,93,9,16,120,264,4269,8933,210,475,261,507,58,132,21,38
R,7,2025,97,124803,38574,86229,32595,71870,2428,6909,380,786,2334,5027,51,95,786,1542,33279,73166,2667,7389,817,1740,2532,5365,124,250,35144,78778,29540,65245,2304,6604,251,493,2317,4962,43,81,689,1393,30138,66409,2506,7024,631,1359,2501,5273,108,224,3430,7451,3055,6625,124,305,129,293,17,65,8,14,97,149,3141,6757,161,365,186,381,31,92,16,26
R,7,2025,98,92407,27452,64955,22996,53877,1781,5328,261,590,1746,3898,25,80,643,1182,23569,54887,1976,5693,631,1305,1893,4159,81,211,25127,59650,20910,49156,1714,5108,177,400,1733,3851,20,69,573,1066,21420,50065,1882,5427,506,1040,1871,4091,69,191,2325,5305,2086,4721,67,220,84,190,13,47,5,11,70,116,2149,4822,94,266,125,265,22,68,12,20
R,7,2025,99,64325,18663,45662,15415,37414,1302,3888,183,432,1313,2917,33,67,417,944,15766,38203,1414,4203,430,989,1428,3124,85,173,16998,41727,13933,33895,1242,3744,127,300,1295,2889,28,57,373,842,14245,34595,1334,4014,347,793,1403,3074,75,152,1665,3935,1482,3519,60,144,56,132,18,28,5,10,44,102,1521,3608,80,189,83,196,25,50,10,21
R,7,2025,100,119182,31539,87643,24635,69437,2503,8150,473,1001,2916,6730,65,150,947,2175,25412,71184,2838,8956,972,2249,3190,7229,211,415,28580,80486,22063,63146,2395,7805,341,760,2880,6667,53,133,848,1975,22762,64727,2692,8525,782,1885,3129,7118,181,364,2959,7157,2572,6291,108,345,132,241,36,63,12,17,99,200,2650,6457,146,431,190,364,61,111,30,51
R,8,2025,999,341883674,167780016,174103658,122144021,125129382,22086695,24185149,3576202,3475185,11340667,12362565,476947,478322,8155484,8473055,129643190,132905887,25274001,27539593,6909159,7053292,13907473,14931083,1011281,1011270,132773957,138894668,94505480,97224352,19930222,21990163,1159428,1196759,10865596,11879540,351034,351062,5962197,6252792,99993559,102968418,22189890,24395100,3386155,3648618,12893417,13909403,735393,734594,35006059,35208990,27638541,27905030,2156473,2194986,2416774,2278426,475071,483025,125913,127260,2193287,2220263,29649631,29937469,3084111,3144493,3523004,3404674,1014056,1021680,275888,276676
R,8,2025,0,3618325,1850823,1767502,1206741,1150805,293037,283625,46727,44579,113498,106375,6876,6661,183944,175457,1379026,1314866,382441,369608,98160,93725,178199,167672,17478,16739,1308383,1247413,818660,778213,246382,238787,11664,11351,102913,96160,4645,4456,124119,118446,935549,889620,306363,296761,40378,38634,149846,140615,11177,10523,542440,520089,388081,372592,46655,44838,35063,33228,10585,10215,2231,2205,59825,57011,443477,425246,76078,72847,57782,55091,28353,27057,6301,6216
R,8,2025,1,3644464,1863546,1780918,1211439,1156025,295196,285778,47743,45570,117801,110807,6944,6827,184423,175911,1384138,1320488,384737,371863,99234,94767,182831,172447,17579,16919,1312906,1252795,817380,777436,247836,240405,11623,11288,107041,100472,4700,4560,124326,118634,934432,888994,307763,298317,40293,38507,154287,145244,11262,10644,550640,528123,394059,378589,47360,45373,36120,34282,10760,10335,2244,2267,60097,57277,449706,431494,76974,73546,58941,56260,28544,27203,6317,6275
R,8,2025,2,3714099,1897681,1816418,1229910,1174391,303238,293678,49158,47580,122411,115699,7120,7125,185844,177945,1403909,1340716,393386,380675,100915,97287,188107,178197,17823,17342,1337765,1276490,828477,787630,255556,247760,11827,11546,111503,105153,4746,4635,125656,119766,946745,900216,315986,306084,40713,38924,159483,150603,11379,10774,559916,539928,401433,386761,47682,45918,37331,36034,10908,10546,2374,2490,60188,58179,457164,440500,77400,74591,60202,58363,28624,27594,6444,6568
R,8,2025,3,3786112,1932174,1853938,1252357,1198514,310470,302212,47606,45884,127094,120512,7268,6972,187379,179844,1427788,1366612,401368,390068,99627,95905,193431,183862,18028,17260,1374992,1315381,850860,810184,263311,256549,12225,11633,116336,110095,4862,4580,127398,122340,970747,925162,324504,316032,41460,39558,165120,156654,11589,10865,557182,538557,401497,388330,47159,45663,35381,34251,10758,10417,2406,2392,59981,57504,457041,441450,76864,74036,58167,56347,28311,27208,6439,6395
R,8,2025,4,3722668,1902844,1819824,1233664,1174323,308911,300460,45334,43746,125069,119024,6712,6393,183154,175878,1405154,1338722,397745,386400,96121,92638,189950,180970,17222,16430,1372127,1307121,850485,804133,264695,257661,12349,11879,115199,109336,4608,4303,124791,119809,967917,916735,324591,315880,40947,39221,163059,154977,11201,10453,530717,512703,383179,370190,44216,42799,32985,31867,9870,9688,2104,2090,58363,56069,437237,421987,73154,70520,55174,53417,26891,25993,6021,5977
R,8,2025,5,3824623,1953703,1870920,1277962,1218708,306923,298992,47266,45101,129493,123495,6922,6544,185137,178080,1451325,1385231,396835,386134,98326,94344,195143,186174,17517,16658,1423430,1361813,891851,847518,265263,259068,13988,13461,119893,114168,4824,4559,127611,123039,1011936,963177,326625,318979,43212,41535,168741,160909,11559,10863,530273,509107,386111,371190,41660,39924,33278,31640,9600,9327,2098,1985,57526,55041,439389,422054,70210,67155,55114,52809,26402,25265,5958,5795
R,8,2025,6,3884053,1980877,1903176,1304511,1247230,308443,302073,48436,46657,128582,123394,7217,6905,183688,176917,1476481,1412634,397162,388025,99435,95844,193610,185781,17934,17046,1450692,1390595,916280,871243,267712,263005,15035,14595,119141,114196,5046,4943,127478,122613,1036176,986401,328846,322450,44369,42765,167856,160659,11886,11368,530185,512581,388231,375987,40731,39068,33401,32062,9441,9198,2171,1962,56210,54304,440305,426233,68316,65575,55066,53079,25754,25122,6048,5678
R,8,2025,7,3949686,2015345,1934341,1331127,1271834,314624,307693,49799,47945,130075,124850,7427,6840,182293,175179,1501735,1435515,402115,392377,101026,97058,194542,186586,18257,16978,1481541,1418020,938736,892335,274180,268528,15283,14791,120835,115742,5279,4870,127228,121754,1058336,1006651,334991,327252,44878,42863,169332,161965,12254,11299,533804,516321,392391,379499,40444,39165,34516,33154,9240,9108,2148,1970,55065,53425,443399,428864,67124,65125,56148,54195,25210,24621,6003,5679
R,8,2025,8,4006523,2046431,1960092,1355742,1292742,316377,308487,50968,49193,134523,128585,7596,7045,181225,174040,1524997,1455161,402184,392154,102758,99175,198777,189448,18528,17330,1504714,1435728,955078,905813,276007,268982,16155,15509,125141,119507,5413,5014,126920,120903,1074159,1019223,335773,327030,46260,44230,173668,164981,12496,11536,541717,524364,400664,386929,40370,39505,34813,33684,9382,9078,2183,2031,54305,53137,450838,435938,66411,65124,56498,54945,25109,24467,6032,5794
R,8,2025,9,4093982,2090314,2003668,1397376,1332464,317103,310387,52419,50718,133879,128359,7538,7188,181999,174552,1567370,1495343,402477,393285,105605,101763,197986,189318,18551,17657,1535410,1469012,985316,935127,276653,271016,16426,16195,124416,119324,5357,5135,127242,122215,1104742,1049736,336263,329128,47345,45949,172561,165099,12414,11858,554904,534656,412060,397337,40450,39371,35993,34523,9463,9035,2181,2053,54757,52337,462628,445607,66214,64157,58260,55814,25425,24219,6137,5799
R,8,2025,10,4117961,2103832,2014129,1406706,1341339,321814,312659,52582,51399,135520,128622,7445,7245,179765,172865,1574630,1502606,405927,394712,105917,102603,198332,188408,18150,17452,1548878,1478457,992529,942626,281441,273096,16857,16162,126201,119817,5322,5129,126528,121627,1111269,1056631,340541,331017,48244,46079,173653,164945,12286,11726,554954,535672,414177,398713,40373,39563,35725,35237,9319,8805,2123,2116,53237,51238,463361,445975,65386,63695,57673,56524,24679,23463,5864,5726
R,8,2025,11,4107445,2099974,2007471,1409004,1341268,320007,311023,53033,51037,134214,127660,7472,7221,176244,169262,1573670,1499186,401758,390968,106156,102077,195661,185675,18079,17316,1548928,1476557,997060,944980,280027,271777,16871,16222,124894,119032,5316,5092,124760,119454,1114160,1056985,337814,328551,48377,46285,171576,162812,12272,11694,551046,530914,411944,396288,39980,39246,36162,34815,9320,8628,2156,2129,51484,49808,459510,442201,63944,62417,57779,55792,24085,22863,5807,5622
R,8,2025,12,4102139,2094940,2007199,1405191,1343076,318903,310366,53725,51113,136874,129506,7601,7168,172646,165970,1566229,1497678,398476,387733,106674,102393,196948,186413,18090,17129,1546121,1476568,993931,944762,279429,272012,17043,16297,127811,120836,5390,5048,122517,117613,1108814,1054851,335871,327130,48561,46739,173523,164003,12277,11554,548819,530631,411260,398314,39474,38354,36682,34816,9063,8670,2211,2120,50129,48357,457415,442827,62605,60603,58113,55654,23425,22410,5813,5575
R,8,2025,13,4115561,2102945,2012616,1416297,1351412,320278,310103,55042,52535,134352,127617,7453,7097,169523,163852,1574304,1504027,398018,385779,108187,103973,192651,183435,17790,17004,1549508,1478598,1000493,949395,280815,272376,17028,16432,125340,119133,5265,4967,120567,116295,1113434,1058176,336235,326382,48834,47129,169791,161628,12092,11543,553437,534018,415804,402017,39463,37727,38014,36103,9012,8484,2188,2130,48956,47557,460870,445851,61783,59397,59353,56844,22860,21807,5698,5461
R,8,2025,14,4174742,2135966,2038776,1444102,1372674,326474,315838,55369,53405,132618,125808,7510,7342,169893,163709,1602424,1525035,403691,390948,109768,105855,190565,181340,17848,17305,1568309,1492421,1014881,960742,286512,277172,17218,16467,123560,117125,5315,5048,120823,115867,1128008,1069012,341688,330663,49881,47765,167635,159250,12204,11554,567657,546355,429221,411932,39962,38666,38151,36938,9058,8683,2195,2294,49070,47842,474416,456023,62003,60285,59887,58090,22930,22090,5644,5751
R,8,2025,15,4264182,2180704,2083478,1479786,1408447,333142,321457,56064,53414,132289,126654,7416,7259,172007,166247,1640146,1563283,411291,397999,111717,107193,190224,182055,17815,17316,1593810,1521170,1030132,977644,293813,283542,17212,16977,123683,118367,5211,4958,123759,119682,1146018,1089570,350238,338872,51146,49989,168366,160995,12243,11674,586894,562308,449654,430803,39329,37915,38852,36437,8606,8287,2205,2301,48248,46565,494128,473713,61053,59127,60571,57204,21858,21060,5572,5642
R,8,2025,16,4339335,2220226,2119109,1513243,1436589,339132,327885,56446,54277,132209,127109,7463,7295,171733,165954,1672992,1591084,416950,404500,112574,108155,189683,181642,17972,17378,1618522,1544581,1048473,993126,299325,289921,17794,17335,123632,118830,5129,4891,124169,120478,1164475,1105723,356173,346066,52281,50747,168125,161155,12208,11787,601704,574528,464770,443463,39807,37964,38652,36942,8577,8279,2334,2404,47564,45476,508517,485361,60777,58434,60293,57408,21558,20487,5764,5591
R,8,2025,17,4493249,2299545,2193704,1569783,1489721,349917,337747,59576,56327,138554,132776,7626,7270,174089,169863,1731628,1647561,428676,415587,117231,112995,196211,188328,18524,17449,1672510,1596862,1083395,1027676,308771,299117,18625,17767,129789,124205,5162,4925,126768,123172,1201668,1142619,366635,356287,54539,52900,174791,167134,12574,11849,627035,596842,486388,462045,41146,38630,40951,38560,8765,8571,2464,2345,47321,46691,529960,504942,62041,59300,62692,60095,21420,21194,5950,5600
R,8,2025,18,4517869,2314839,2203030,1585088,1502145,349145,335921,61678,57180,140155,133689,7689,7491,171084,166604,1744023,1656724,425662,411168,120149,113823,196246,188058,18273,17791,1679969,1602220,1093086,1035147,308009,297530,18474,17911,131251,125297,5121,5119,124028,121216,1208769,1148137,363788,352881,54793,53197,174904,167561,12369,12093,634870,600810,492002,466998,41136,38391,43204,39269,8904,8392,2568,2372,47056,45388,535254,508587,61874,58287,65356,60626,21342,20497,5904,5698
R,8,2025,19,4481135,2298119,2183016,1580401,1492089,339755,329229,61670,56741,142857,137604,7720,7290,165716,160063,1734291,1640666,412434,400115,119389,112067,197409,190023,17868,17121,1668669,1590643,1091081,1030300,299961,291470,18169,17576,134035,129512,5209,4988,120214,116797,1203184,1139207,352837,343860,54112,52336,176802,170335,12154,11708,629450,592373,489320,461789,39794,37759,43501,39165,8822,8092,2511,2302,45502,43266,531107,501459,59597,56255,65277,59731,20607,19688,5714,5413
R,8,2025,20,4481423,2299344,2182079,1585042,1494531,335973,323956,62090,57078,147779,144084,7835,7396,160625,155034,1734085,1638177,405080,391979,119285,111940,200733,194635,17663,16851,1672310,1594761,1096541,1035406,296727,287039,18126,17482,139331,136244,5323,5174,116262,113416,1204801,1140863,346846,337197,53816,52051,180800,176046,12046,11714,627034,587318,488501,459125,39246,36917,43964,39596,8448,7840,2512,2222,44363,41618,529284,497314,58234,54782,65469,59889,19933,18589,5617,5137
R,8,2025,21,4509467,2314181,2195286,1600735,1508353,334738,323554,62101,55770,152092,148802,7960,7307,156555,151500,1745806,1648900,401055,389025,118669,110405,203761,198029,17746,16577,1692109,1612213,1114108,1050804,296491,287207,18167,17228,143823,141098,5438,5119,114082,110757,1220224,1153832,344817,335327,53931,52013,184593,179843,12206,11539,622072,583073,486627,457549,38247,36347,43934,38542,8269,7704,2522,2188,42473,40743,525582,495068,56238,53698,64738,58392,19168,18186,5540,5038
R,8,2025,22,4498389,2307943,2190446,1596440,1504899,333525,323089,61948,55451,157028,153113,7891,7262,151111,146632,1736438,1640699,396727,385333,117932,109560,206489,200789,17268,16117,1690927,1611809,1113105,1050375,295233,287139,17834,16725,149138,145321,5467,5108,110150,107141,1215465,1149945,341442,332900,53315,51197,188111,182815,11961,11337,617016,578637,483335,454524,38292,35950,44114,38726,7890,7792,2424,2154,40961,39491,520973,490754,55285,52433,64617,58363,18378,17974,5307,4780
R,8,2025,23,4578900,2333691,2245209,1607418,1536437,345070,340953,61029,55840,168535,163014,7784,7565,143855,141400,1740335,1666677,404724,401384,114806,108025,215676,208797,16991,16572,1716913,1663036,1122254,1078184,306221,303772,17634,17054,160634,155232,5528,5356,104642,103438,1219172,1173744,349760,348188,51596,50342,197681,191283,11985,11699,616778,582173,485164,458253,38849,37181,43395,38786,7901,7782,2256,2209,39213,37962,521163,492933,54964,53196,63210,57683,17995,17514,5006,4873
R,8,2025,24,4845880,2455400,2390480,1686203,1635987,366394,364924,61078,56402,192477,185982,8287,8248,140961,138937,1815590,1763712,424990,424302,113199,106241,239145,232058,17874,17589,1828834,1794815,1192510,1164688,325741,326697,17887,17751,184183,177841,5995,5843,102518,101995,1286803,1258601,368276,370487,50926,49386,221042,214617,12730,12541,626566,595665,493693,471299,40653,38227,43191,38651,8294,8141,2292,2405,38443,36942,528787,505111,56714,53815,62273,56855,18103,17441,5144,5048
R,8,2025,25,4916462,2490482,2425980,1717620,1662429,368850,370304,61298,55669,199141,194372,8692,8369,134881,134837,1841411,1786087,424308,427876,111846,104172,243680,239266,17793,17288,1866366,1833712,1223840,1192769,329066,331938,18062,17344,190789,186170,6399,5920,98210,99571,1314139,1284302,369300,374475,49866,48343,226277,222149,12922,12254,624116,592268,493780,469660,39784,38366,43236,38325,8352,8202,2293,2449,36671,35266,527272,501785,55008,53401,61980,55829,17403,17117,4871,5034
R,8,2025,26,4772722,2418400,2354322,1678941,1621539,350090,352133,58621,53184,193313,190560,8499,8194,128936,128712,1797139,1739644,402535,406621,107281,99997,235920,233091,17419,16713,1817113,1782546,1202361,1167244,312113,315371,17152,16478,185148,182482,6213,5816,94126,95155,1288781,1254748,350345,355756,48053,46599,219097,216539,12572,11860,601287,571776,476580,454295,37977,36762,41469,36706,8165,8078,2286,2378,34810,33557,508358,484896,52190,50865,59228,53398,16823,16552,4847,4853
R,8,2025,27,4649220,2354651,2294569,1636145,1575709,338893,340902,57307,51894,191011,193952,8225,7996,123070,124116,1748876,1689662,388436,393011,104326,97614,231391,234527,16592,16045,1770875,1740882,1173453,1135140,302193,305963,16381,15738,183056,185975,5994,5680,89798,92386,1255756,1220185,338256,344786,46056,45217,215461,218892,12040,11525,583776,553687,462692,440569,36700,34939,40926,36156,7955,7977,2231,2316,33272,31730,493120,469477,50180,48225,58270,52397,15930,15635,4552,4520
R,8,2025,28,4531766,2292484,2239282,1594656,1534589,326479,329553,55899,50229,189949,197216,7780,7514,117721,120181,1702389,1644768,373132,379175,101428,95546,228887,236427,15747,15250,1721265,1698320,1141485,1104112,290728,295761,15552,14866,182323,189565,5658,5462,85519,88554,1219908,1185403,324234,332347,44153,43713,213599,221288,11400,11016,571219,540962,453171,430477,35751,33792,40347,35363,7626,7651,2122,2052,32202,31627,482481,459365,48898,46828,57275,51833,15288,15139,4347,4234
R,8,2025,29,4510060,2278030,2232030,1588680,1529553,319375,326359,56354,50136,190729,200799,7719,7332,115173,117851,1694012,1637465,364442,374304,101439,95449,228619,239191,15744,15065,1711846,1694600,1140101,1102215,284090,292683,15320,14601,183105,192997,5605,5464,83625,86640,1216764,1181695,316323,327912,43542,43335,213720,224089,11401,11075,566184,537430,448579,427338,35285,33676,41034,35535,7624,7802,2114,1868,31548,31211,477248,455770,48119,46392,57897,52114,14899,15102,4343,3990
R,8,2025,30,4543781,2289912,2253869,1598827,1544047,324771,335117,56429,50341,189551,200817,7807,7469,112527,116078,1701414,1649990,368450,382248,101261,95511,226466,238221,15710,15378,1726191,1715112,1152343,1115729,289349,300425,15447,14853,181766,193053,5728,5541,81558,85511,1226719,1193899,320491,334828,43632,43845,211657,223516,11468,11310,563721,538757,446484,428318,35422,34692,40982,35488,7785,7764,2079,1928,30969,30567,474695,456091,47959,47420,57629,51666,14809,14705,4242,4068
R,8,2025,31,4566062,2296133,2269929,1603184,1551806,328106,343768,55440,50596,191133,200924,7705,7456,110565,115379,1703757,1657184,370046,389796,100350,96719,227417,237925,15805,15245,1740359,1734815,1162058,1126782,293474,309373,15494,14916,183627,193218,5676,5447,80030,85079,1234853,1204590,323352,342954,43554,44737,213157,223352,11604,11168,555774,535114,441126,425024,34632,34395,39946,35680,7506,7706,2029,2009,30535,30300,468904,452594,46694,46842,56796,51982,14260,14573,4201,4077
R,8,2025,32,4618801,2319441,2299360,1620583,1570867,332888,352113,56596,51515,194143,203569,7859,7475,107372,113821,1718092,1674594,373260,397080,100722,98310,229372,239610,15761,15159,1766473,1766189,1181613,1148011,298179,317518,15893,15446,186832,195942,5827,5405,78129,83867,1252605,1224547,326973,350023,43792,45913,215546,225397,11638,11042,552968,533171,438970,422856,34709,34595,40703,36069,7311,7627,2032,2070,29243,29954,465487,450047,46287,47057,56930,52397,13826,14213,4123,4117
R,8,2025,33,4690302,2352412,2337890,1651495,1603708,333870,356527,56998,52122,195321,204877,7624,7375,107104,113281,1749026,1707028,372795,399736,102597,100011,229912,240592,15445,15022,1799445,1804491,1211931,1180326,299336,321451,16491,16089,188066,197464,5651,5454,77970,83707,1282951,1256800,326827,352595,45664,47678,216319,226673,11446,11058,552967,533399,439564,423382,34534,35076,40507,36033,7255,7413,1973,1921,29134,29574,466075,450228,45968,47141,56933,52333,13593,13919,3999,3964
R,8,2025,34,4775465,2389350,2386115,1681009,1637180,338577,365989,57503,52403,199185,209960,8012,7646,105064,112937,1775983,1739856,376376,408676,102562,100820,233669,245807,15936,15481,1839569,1856409,1245065,1218341,303813,330493,16813,16437,191765,202354,5999,5700,76114,83084,1313941,1293986,330265,360888,45375,48179,219961,231634,11841,11550,549781,529706,435944,418839,34764,35496,40690,35966,7420,7606,2013,1946,28950,29853,462042,445870,46111,47788,57187,52641,13708,14173,4095,3931
R,8,2025,35,4819141,2408138,2411003,1700011,1658478,339500,368064,57090,52285,201046,212783,7814,7692,102677,111701,1793130,1760192,375394,408978,101659,102013,234917,247473,15568,15273,1864458,1884910,1267693,1241814,305517,332890,16849,16582,193804,205598,5807,5719,74788,82307,1335557,1316833,330387,361774,45513,49636,221663,234046,11587,11413,543680,526093,432318,416664,33983,35174,40241,35703,7242,7185,2007,1973,27889,29394,457573,443359,45007,47204,56146,52377,13254,13427,3981,3860
R,8,2025,36,4681351,2336313,2345038,1653215,1614410,325102,354912,54354,50776,197987,211771,7555,7199,98100,105970,1742222,1710579,358896,393054,97884,98454,229921,245057,14837,14535,1821260,1842970,1243712,1215880,293142,321618,16209,16339,191110,204922,5651,5358,71436,78853,1308465,1287404,316461,348719,44198,48469,217487,232546,11214,10945,515053,502068,409503,398530,31960,33294,38145,34437,6877,6849,1904,1841,26664,27117,433757,423175,42435,44335,53686,49985,12434,12511,3623,3590
R,8,2025,37,4605124,2291781,2313343,1633162,1604095,310858,342376,54207,50013,191893,206875,7321,7213,94340,102771,1718709,1697491,342337,378997,96454,97208,222746,238673,14424,14241,1784519,1817789,1228898,1210345,280033,310040,16043,15758,185210,200175,5404,5322,68931,76149,1291386,1279654,301827,335803,43286,47487,210843,226413,10779,10666,507262,495554,404264,393750,30825,32336,38164,34255,6683,6700,1917,1891,25409,26622,427323,417837,40510,43194,53168,49721,11903,12260,3645,3575
R,8,2025,38,4531952,2256289,2275663,1617726,1585465,302457,332896,52585,48738,185885,201393,7247,7012,90389,100159,1699512,1676533,332425,368036,94134,95680,215145,232217,14126,13756,1761059,1790039,1222074,1199057,272553,301725,15478,15309,179424,194742,5397,5135,66133,74071,1281770,1266422,293338,326309,42401,46907,203783,220321,10707,10225,495230,485624,395652,386408,29904,31171,37107,33429,6461,6651,1850,1877,24256,26088,417742,410111,39087,41727,51733,48773,11362,11896,3419,3531
R,8,2025,39,4550231,2265054,2285177,1631262,1600590,299495,330545,52730,49251,184726,200440,7179,6909,89662,97442,1712473,1688979,328476,363757,94517,96287,213805,229892,14128,13582,1769222,1802259,1234729,1215181,269720,300134,15273,15483,178312,193939,5399,5145,65789,72377,1294331,1280843,289510,323436,42718,47611,202500,218346,10667,10219,495832,482918,396533,385409,29775,30411,37457,33768,6414,6501,1780,1764,23873,25065,418142,408136,38966,40321,51799,48676,11305,11546,3461,3363
R,8,2025,40,4536576,2256530,2280046,1631621,1601412,295557,326980,52274,49126,182996,199992,7013,6911,87069,95625,1710439,1688277,322948,358689,93995,96400,210866,228524,13694,13524,1767845,1801396,1240358,1218856,267178,297430,14861,15511,176712,193615,5254,5239,63482,70745,1297767,1283120,285750,319355,42187,47762,199884,217296,10330,10268,488685,478650,391263,382556,28379,29550,37413,33615,6284,6377,1759,1672,23587,24880,412672,405157,37198,39334,51808,48638,10982,11228,3364,3256
R,8,2025,41,4412501,2189675,2222826,1585330,1563143,283378,316895,51058,47960,179939,196223,6768,6730,83202,91875,1660397,1646284,309129,346899,91697,94391,206378,223529,13295,13251,1716831,1754540,1206556,1187423,255965,288798,14687,15064,173838,190144,5069,5010,60716,68101,1261226,1249040,273516,309554,41365,46951,195779,212689,10093,10008,472844,468286,378774,375720,27413,28097,36371,32896,6101,6079,1699,1720,22486,23774,399171,397244,35613,37345,50332,47440,10599,10840,3202,3243
R,8,2025,42,4436385,2195831,2240554,1594964,1579450,284396,318532,51493,48749,175590,195260,6615,6699,82773,91864,1669786,1662439,309833,348043,92780,96455,201110,221834,13014,13161,1724583,1768108,1216937,1200167,257256,290321,14879,15303,169793,189256,4931,5005,60787,68056,1271793,1261619,274673,310783,42418,48186,190992,211226,9825,9939,471248,472446,378027,379283,27140,28211,36614,33446,5797,6004,1684,1694,21986,23808,397993,400820,35160,37260,50362,48269,10118,10608,3189,3222
R,8,2025,43,4413968,2178834,2235134,1588033,1579315,281636,317725,50824,48291,171453,192767,6491,6628,80397,90408,1660661,1660983,306233,346879,91612,95934,195783,218358,12763,12957,1711551,1762934,1212691,1199353,254876,289673,14730,14920,165664,186764,4821,4896,58769,67328,1265640,1260207,271774,309983,41845,48105,185769,207861,9675,9739,467283,472200,375342,379962,26760,28052,36094,33371,5789,6003,1670,1732,21628,23080,395021,400776,34459,36896,49767,47829,10014,10497,3088,3218
R,8,2025,44,4358215,2151047,2207168,1573519,1565088,278929,314565,50113,47852,163170,185277,6394,6311,78922,88075,1644560,1644700,302853,342863,90848,94853,186578,209714,12495,12384,1692280,1741680,1204722,1190379,253102,287080,14390,14882,157489,179351,4700,4670,57877,65318,1256730,1249434,269529,306782,41670,47489,176905,199507,9363,9255,458767,465488,368797,374709,25827,27485,35723,32970,5681,5926,1694,1641,21045,22757,387830,395266,33324,36081,49178,47364,9673,10207,3132,3129
R,8,2025,45,4362150,2153625,2208525,1574035,1562887,284819,320396,50336,48007,160073,183067,6560,6573,77802,87595,1644142,1641936,308410,348461,91177,95324,182647,206997,12503,12710,1691243,1742065,1201041,1187101,259350,292926,14622,15042,154388,177245,4870,4833,56972,64918,1252237,1245619,275443,312422,42117,48008,173080,196943,9504,9510,462382,466460,372994,375786,25469,27470,35714,32965,5685,5822,1690,1740,20830,22677,391905,396317,32967,36039,49060,47316,9567,10054,2999,3200
R,8,2025,46,4153525,2045384,2108141,1497391,1493842,269157,304142,47455,45427,152295,176246,6092,6060,72994,82424,1563168,1568120,290980,330519,86089,90003,173324,198702,11624,11699,1612302,1666044,1147619,1137279,245563,278312,13806,14019,147131,170771,4530,4428,53653,61235,1195910,1192461,260482,296412,39943,45283,164596,189317,8800,8728,433082,442097,349772,356563,23594,25830,33649,31408,5164,5475,1562,1632,19341,21189,367258,375659,30498,34107,46146,44720,8728,9385,2824,2971
R,8,2025,47,4038651,1986101,2052550,1460847,1461332,257135,291120,45711,44748,146434,170123,5716,5804,70258,79423,1524225,1532938,277829,315928,83472,88249,166568,191802,10768,11148,1562598,1618659,1117197,1110289,234679,266426,13225,13907,141491,164738,4300,4248,51706,59051,1163765,1163470,248807,283662,38906,44446,158243,182615,8171,8376,423503,433891,343650,351043,22456,24694,32486,30841,4943,5385,1416,1556,18552,20372,360460,369468,29022,32266,44566,43803,8325,9187,2597,2772
R,8,2025,48,3992371,1959022,2033349,1443932,1449027,251775,288177,45088,43834,144326,168915,5583,5785,68318,77611,1505521,1518978,271807,312141,82406,87146,163566,189885,10620,11013,1544012,1603193,1106100,1099181,230306,264086,13528,14078,139428,163702,4145,4261,50505,57885,1151521,1151299,243899,280681,39132,44643,155508,181028,8012,8255,415010,430156,337832,349846,21469,24091,31560,29756,4898,5213,1438,1524,17813,19726,354000,367679,27908,31460,43274,42503,8058,8857,2608,2758
R,8,2025,49,3855993,1892042,1963951,1391577,1400170,241400,275391,43466,42079,144391,167585,5292,5472,65916,73254,1450908,1466044,259967,297904,80013,83286,162785,187112,10207,10334,1488647,1544432,1062677,1057300,220559,252702,12919,13271,139749,162455,4016,4050,48727,54654,1106438,1106366,233231,268364,37988,42279,155167,178695,7844,7836,403395,419519,328900,342870,20841,22689,30547,28808,4642,5130,1276,1422,17189,18600,344470,359678,26736,29540,42025,41007,7618,8417,2363,2498
R,8,2025,50,3887251,1907151,1980100,1407816,1416456,242191,275570,42270,41987,146337,168993,5155,5263,63382,71831,1464815,1481115,260062,296995,77776,82729,163738,188225,9661,9928,1511448,1566964,1083717,1077711,222027,253726,12872,13527,141730,164070,3910,3918,47192,54012,1126057,1126230,234451,268687,37572,42565,156227,180109,7390,7505,395703,413136,324099,338745,20164,21844,29398,28460,4607,4923,1245,1345,16190,17819,338758,354885,25611,28308,40204,40164,7511,8116,2271,2423
R,8,2025,51,3803109,1863447,1939662,1375985,1389215,235669,268472,41144,40309,144462,166875,4898,5180,61289,69611,1431119,1451884,252672,288997,75854,80153,161240,185394,9260,9633,1482535,1539356,1063092,1059812,216788,247721,12673,13296,140157,162167,3722,3811,46103,52549,1104443,1106993,228713,262175,37192,41894,154273,177658,7100,7275,380912,400306,312893,329403,18881,20751,28471,27013,4305,4708,1176,1369,15186,17062,326676,344891,23959,26822,38662,38259,6967,7736,2160,2358
R,8,2025,52,3840732,1875662,1965070,1384997,1406691,240421,275131,40391,40273,144411,168789,4926,5078,60516,69108,1439427,1468715,256978,295475,74794,79994,160960,187061,9186,9581,1502926,1570337,1078397,1081293,222141,254669,12829,13610,140197,164157,3716,3783,45646,52825,1119277,1128636,233725,269099,37243,42631,154138,179516,7103,7282,372736,394733,306600,325398,18280,20462,27562,26663,4214,4632,1210,1295,14870,16283,320150,340079,23253,26376,37551,37363,6822,7545,2083,2299
R,8,2025,53,3985484,1945280,2040204,1448381,1473508,246079,282875,40478,39852,144007,168901,4837,5011,61498,70057,1503684,1536585,262598,302916,76296,80987,160157,186801,9177,9544,1577278,1649250,1144685,1150593,228401,262834,13394,13756,139821,164281,3659,3733,47318,54053,1187100,1199126,240291,277310,39554,44176,153534,179463,7104,7300,368002,390954,303696,322915,17678,20041,27084,26096,4186,4620,1178,1278,14180,16004,316584,337459,22307,25606,36742,36811,6623,7338,2073,2244
R,8,2025,54,4215993,2059852,2156141,1553197,1577869,256700,295690,40080,40513,140923,164598,5043,5017,63909,72454,1610792,1643206,273547,316101,78181,83958,157150,182278,9523,9655,1692451,1766699,1249583,1255888,238973,275817,13785,14477,136690,160085,3827,3823,49593,56609,1294233,1306787,251018,290697,42053,47444,150515,175039,7405,7536,367401,389442,303614,321981,17727,19873,26295,26036,4233,4513,1216,1194,14316,15845,316559,336419,22529,25404,36128,36514,6635,7239,2118,2119
R,8,2025,55,4212434,2057739,2154695,1559647,1587251,253036,288933,39391,39259,138904,163204,4830,5012,61931,71036,1615483,1651187,269275,308858,76607,82328,154112,180314,9263,9672,1697289,1776896,1261313,1274569,235533,269817,13428,14417,134915,158826,3704,3859,48396,55408,1304838,1324293,247422,284439,41367,46971,147885,173219,7300,7619,360450,377799,298334,312682,17503,19116,25963,24842,3989,4378,1126,1153,13535,15628,310645,326894,21853,24419,35240,35357,6227,7095,1963,2053
R,8,2025,56,4046941,1971327,2075614,1502351,1536927,237012,273134,37087,37627,132271,156336,4538,4865,58068,66725,1554854,1597099,251908,291416,72420,78831,146475,171914,8560,9119,1629606,1715771,1218298,1238497,220832,255195,13078,13988,128607,152253,3512,3719,45279,52119,1259153,1285425,231578,268329,39638,45459,140689,165356,6763,7097,341721,359843,284053,298430,16180,17939,24009,23639,3664,4083,1026,1146,12789,14606,295701,311674,20330,23087,32782,33372,5786,6558,1797,2022
R,8,2025,57,3939614,1915444,2024170,1459216,1497450,234807,272900,36250,35963,126342,150206,4384,4726,54445,62925,1508262,1554009,248765,290311,69767,75009,139270,164634,8194,8861,1584396,1676053,1183801,1207687,219175,255502,12824,13728,122786,146306,3398,3629,42412,49201,1221878,1251801,229228,268097,38193,43659,133708,158412,6483,6967,331048,348117,275415,289763,15632,17398,23426,22235,3556,3900,986,1097,12033,13724,286384,302208,19537,22214,31574,31350,5562,6222,1711,1894
R,8,2025,58,3927859,1903643,2024216,1463381,1511968,231831,272465,34689,35165,116501,138304,4458,4622,52783,61692,1511078,1567585,245163,289521,67771,74081,128532,151615,8076,8595,1585536,1688025,1197780,1231726,217177,255500,12865,13872,113088,134644,3449,3578,41177,48705,1234903,1275528,226808,268073,37876,44052,123277,145820,6418,6773,318107,336191,265601,280242,14654,16965,21824,21293,3413,3660,1009,1044,11606,12987,276175,292057,18355,21448,29895,30029,5255,5795,1658,1822
R,8,2025,59,3988182,1930076,2058106,1482120,1536327,239183,281379,34554,35354,117112,138772,4402,4719,52705,61555,1529328,1591596,252712,298270,67869,74559,128911,151981,8162,8698,1615642,1725762,1219341,1258936,224263,264936,13221,14313,113822,135193,3431,3680,41564,48704,1256458,1302605,234063,277322,38965,44887,123788,146266,6498,6878,314434,332344,262779,277391,14920,16443,21333,21041,3290,3579,971,1039,11141,12851,272870,288991,18649,20948,28904,29672,5123,5715,1664,1820
R,8,2025,60,4148598,2000630,2147968,1548231,1617890,243779,288372,34578,35346,116482,138827,4312,4763,53248,62770,1596172,1674295,256998,305464,68626,75714,128178,151881,8035,8763,1691939,1819511,1289585,1342829,229449,272074,13797,15167,113298,135343,3362,3752,42448,50346,1327695,1388016,239253,284875,40315,47140,123289,146351,6426,7024,308691,328457,258646,275061,14330,16298,20781,20179,3184,3484,950,1011,10800,12424,268477,286279,17745,20589,28311,28574,4889,5530,1609,1739
R,8,2025,61,4242331,2039751,2202580,1589211,1672176,242122,287807,33957,34793,117139,140544,4063,4528,53259,62732,1637187,1728627,255069,304123,68708,76031,128432,153447,7709,8471,1744619,1883611,1341665,1404451,228427,271924,14017,15420,114197,137340,3230,3534,43083,50942,1380367,1450188,238142,284263,41720,48621,123861,148345,6230,6805,295132,318969,247546,267725,13695,15883,19940,19373,2942,3204,833,994,10176,11790,256820,278439,16927,19860,26988,27410,4571,5102,1479,1666
R,8,2025,62,4233550,2030939,2202611,1587708,1680314,236340,282849,32797,33572,118052,139642,3938,4443,52104,61791,1634626,1735904,248811,299026,67037,74265,129049,152035,7396,8274,1749879,1896582,1351571,1422974,223516,268042,14075,15280,115165,136380,3146,3537,42406,50369,1389672,1468189,232915,280434,41533,48199,124649,146940,6051,6699,281060,306029,236137,257340,12824,14807,18722,18292,2887,3262,792,906,9698,11422,244954,267715,15896,18592,25504,26066,4400,5095,1345,1575
R,8,2025,63,4200665,2009550,2191115,1586064,1688412,229983,277690,31101,32708,107764,127793,4064,4415,50574,60097,1631760,1742582,241778,293162,64522,72739,118377,139663,7408,8099,1742118,1898669,1360735,1441862,217945,264010,13644,15102,105107,124754,3265,3519,41422,49422,1398072,1486319,226912,275903,40630,47790,114343,134953,6088,6560,267432,292446,225329,246550,12038,13680,17457,17606,2657,3039,799,896,9152,10675,233688,256263,14866,17259,23892,24949,4034,4710,1320,1539
R,8,2025,64,4212908,2008763,2204145,1597479,1709318,226258,275515,29799,32074,101754,123916,3828,4139,49645,59183,1642275,1762575,238038,290553,62848,71901,112054,135404,7044,7813,1755368,1923805,1383880,1473098,214816,262390,13474,15281,99305,121045,3080,3307,40813,48684,1420608,1516834,223769,273950,40341,47854,108229,130895,5783,6302,253395,280340,213599,236220,11442,13125,16325,16793,2449,2871,748,832,8832,10499,221667,245741,14269,16603,22507,24047,3825,4509,1261,1511
R,8,2025,65,4165963,1979898,2186065,1570368,1691370,224327,274210,29298,31495,103999,127645,3650,4098,48256,57247,1613901,1742762,235620,289095,61417,69702,113982,138860,6794,7554,1733341,1911665,1362368,1459900,213193,261378,13286,15011,101624,124827,2969,3314,39901,47235,1398263,1502201,221879,272923,39520,46347,110363,134450,5593,6186,246557,274400,208000,231470,11134,12832,16012,16484,2375,2818,681,784,8355,10012,215638,240561,13741,16172,21897,23355,3619,4410,1201,1368
R,8,2025,66,4058013,1920055,2137958,1532271,1663250,213865,265328,27305,29688,97598,121216,3451,3796,45565,54680,1573292,1712539,224404,279194,57872,66613,107024,131668,6322,7023,1693366,1882773,1340860,1447710,203706,253520,12680,14432,95391,118609,2821,3122,37908,45380,1374926,1488498,211931,264384,37743,44907,103680,127652,5242,5791,226689,255185,191411,215540,10159,11808,14625,15256,2207,2607,630,674,7657,9300,198366,224041,12473,14810,20129,21706,3344,4016,1080,1232
R,8,2025,67,4002078,1886327,2115751,1511327,1653514,205111,256283,25345,28158,97830,121681,3248,3580,43466,52535,1550485,1700759,215151,269735,54566,63818,106716,131633,5958,6591,1675059,1873351,1332610,1448289,195474,245131,12192,14030,95826,119209,2665,2927,36292,43765,1365208,1487570,203302,255700,36345,43561,103644,127834,4974,5424,211268,242400,178717,205225,9637,11152,13153,14128,2004,2472,583,653,7174,8770,185277,213189,11849,14035,18221,20257,3072,3799,984,1167
R,8,2025,68,3941176,1848912,2092264,1487241,1641451,198072,251711,24844,26950,93867,118414,3131,3462,41757,50276,1524864,1686687,207698,264420,53063,61508,102312,127574,5737,6368,1646603,1857566,1315836,1442016,189128,240978,11932,13525,91984,116161,2624,2816,35099,42070,1347383,1479760,196735,251063,35406,42337,99467,124078,4844,5261,202309,234698,171405,199435,8944,10733,12912,13425,1883,2253,507,646,6658,8206,177481,206927,10963,13357,17657,19171,2845,3496,893,1107
R,8,2025,69,3777454,1765000,2012454,1422959,1580104,185960,239629,22997,25365,91115,116464,2869,3275,39100,47617,1458275,1622928,194922,251669,49340,57965,98929,125344,5381,6049,1575518,1790792,1262317,1391497,177581,229409,11065,13033,89296,114202,2370,2720,32889,39931,1291964,1427319,184631,238924,32997,40264,96183,121937,4483,5076,189482,221662,160642,188607,8379,10220,11932,12332,1819,2262,499,555,6211,7686,166311,195609,10291,12745,16343,17701,2746,3407,898,973
R,8,2025,70,3677891,1713011,1964880,1386549,1550500,176448,228658,21801,24221,88708,113618,2749,3197,36756,44686,1419566,1590486,184957,240076,46699,54615,96023,122132,5160,5927,1533338,1752772,1234095,1369863,168400,219067,10646,12228,87032,111573,2281,2626,30884,37415,1261783,1403198,175102,228054,31357,37525,93509,119038,4347,4959,179673,212108,152454,180637,8048,9591,11155,11993,1676,2045,468,571,5872,7271,157783,187288,9855,12022,15342,17090,2514,3094,813,968
R,8,2025,71,3523212,1630853,1892359,1329987,1503151,162745,215726,19635,22419,82758,106329,2509,2976,33219,41758,1359936,1540550,170528,226443,42264,51084,89216,113887,4564,5506,1467783,1695332,1191016,1334749,155463,206952,9868,11664,81287,104387,2093,2447,28056,35133,1216247,1366117,161587,215417,28825,35734,87022,110980,3871,4620,163070,197027,138971,168402,7282,8774,9767,10755,1471,1942,416,529,5163,6625,143689,174433,8941,11026,13439,15350,2194,2907,693,886
R,8,2025,72,3356787,1547113,1809674,1269334,1446451,148849,200708,18076,20498,77606,100035,2306,2683,30942,39299,1297176,1481792,156001,210713,39202,47396,83656,107195,4277,5059,1397076,1625656,1141080,1288604,142264,192528,9258,10957,76263,98375,1932,2231,26279,32961,1164672,1318112,147955,200468,27056,33424,81673,104628,3631,4280,150037,184018,128254,157847,6585,8180,8818,9541,1343,1660,374,452,4663,6338,132504,163680,8046,10245,12146,13972,1983,2567,646,779
R,8,2025,73,3200914,1470111,1730803,1213154,1390027,137372,188439,16283,19081,72636,94778,2168,2537,28498,35941,1238821,1422242,144021,197636,35823,43942,78076,101108,4016,4731,1332531,1559983,1095054,1243027,131378,180977,8541,10266,71391,93242,1839,2101,24328,30370,1116879,1270151,136742,188266,25101,31277,76255,98792,3424,3983,137580,170820,118100,147000,5994,7462,7742,8815,1245,1536,329,436,4170,5571,121942,152091,7279,9370,10722,12665,1821,2316,592,748
R,8,2025,74,3046376,1391085,1655291,1150382,1328981,129865,182679,15283,18027,66986,89268,1929,2367,26640,33969,1174304,1359470,136092,191572,33777,41686,71871,94948,3618,4387,1260786,1492596,1038238,1188973,124272,175654,8034,9630,65890,87818,1654,1959,22698,28562,1058529,1214497,129304,182722,23703,29564,70224,92737,3127,3702,130299,162695,112144,140008,5593,7025,7249,8397,1096,1450,275,408,3942,5407,115775,144973,6788,8850,10074,12122,1647,2211,491,685
R,8,2025,75,2885909,1311051,1574858,1081409,1262380,120966,171725,14301,16662,67567,90179,1835,2118,24973,31794,1103874,1290803,126862,180141,31463,38514,72247,95788,3453,4088,1190181,1419813,977432,1128451,115757,164939,7606,9059,66504,88757,1554,1787,21328,26820,996551,1152323,120485,171658,22158,27489,70678,93624,2993,3490,120870,155045,103977,133929,5209,6786,6695,7603,1063,1422,281,331,3645,4974,107323,138480,6377,8483,9305,11025,1569,2164,460,598
R,8,2025,76,2764888,1249214,1515674,1040416,1227785,109175,157531,13182,15296,61715,83049,1733,2041,22993,29972,1061124,1254618,114402,165331,29134,36152,65962,88058,3293,3904,1139081,1373452,945213,1104497,104684,151522,7145,8424,60707,81770,1461,1726,19871,25513,963056,1127266,108898,157818,20916,26195,64515,86174,2839,3338,110133,142222,95203,123288,4491,6009,6037,6872,1008,1279,272,315,3122,4459,98068,127352,5504,7513,8218,9957,1447,1884,454,566
R,8,2025,77,2664254,1199867,1464387,1008419,1197346,99268,145762,11928,14239,57324,76704,1537,1921,21391,28415,1027716,1222828,104168,153081,26783,34051,61193,81426,2934,3642,1097374,1330589,919493,1081302,95126,140139,6678,7921,56455,75493,1295,1623,18327,24111,935972,1102837,99140,146026,19303,24695,59921,79636,2545,3141,102493,133798,88926,116044,4142,5623,5250,6318,869,1211,242,298,3064,4304,91744,119991,5028,7055,7480,9356,1272,1790,389,501
R,8,2025,78,2720152,1222046,1498106,1044580,1249611,90941,134779,11498,13583,52364,70464,1435,1654,21228,28015,1063813,1274932,95613,141911,26546,33426,55979,74858,2774,3290,1126785,1371452,961650,1139347,87252,129555,6565,7740,51586,69352,1230,1398,18502,24060,978409,1161037,91098,135354,19661,24829,54803,73199,2431,2843,95261,126654,82930,110264,3689,5224,4933,5843,778,1112,205,256,2726,3955,85404,113895,4515,6557,6885,8597,1176,1659,343,447
R,8,2025,79,1987678,882102,1105576,742916,906706,69276,106158,8680,11034,44303,59249,1217,1491,15710,20938,757127,925479,72903,111646,19431,25284,47187,62914,2332,2905,802286,996008,673321,811468,66064,101416,4772,6012,43623,58256,1036,1257,13470,17599,685495,827167,68950,105784,13972,18001,46184,61454,2032,2494,79816,109568,69595,95238,3212,4742,3908,5022,680,993,181,234,2240,3339,71632,98312,3953,5862,5459,7283,1003,1460,300,411
R,8,2025,80,1836021,806299,1029722,680106,845797,63292,99549,7789,10138,40050,54051,1039,1338,14023,18849,692751,862611,66564,104631,17367,22929,42669,57266,2088,2637,734207,929749,617101,758386,60486,95460,4302,5615,39456,53186,883,1112,11979,15990,627859,772589,63106,99550,12435,16469,41776,56011,1816,2240,72092,99973,63005,87411,2806,4089,3487,4523,594,865,156,226,2044,2859,64892,90022,3458,5081,4932,6460,893,1255,272,397
R,8,2025,81,1732498,752784,979714,638780,811709,56560,90585,7181,9306,36491,49087,910,1213,12862,17814,650349,827582,59683,95515,15983,21524,38798,51993,1840,2448,688675,887736,582621,731172,54042,86940,4078,5122,36029,48293,784,1014,11121,15195,592594,744658,56591,90964,11690,15558,38096,50838,1602,2103,64109,91978,56159,80537,2518,3645,3103,4184,462,794,126,199,1741,2619,57755,82924,3092,4551,4293,5966,702,1155,238,345
R,8,2025,82,1712557,736472,976085,632144,818979,52265,86722,6405,8680,32856,43709,795,1070,12007,16925,642984,834124,55111,91328,14653,20371,34986,46391,1680,2214,677711,889636,580482,743404,49998,83130,3742,4787,32364,43023,687,893,10438,14399,589900,756235,52316,86814,10927,14809,34254,45329,1466,1910,58761,86449,51662,75575,2267,3592,2663,3893,492,686,108,177,1569,2526,53084,77889,2795,4514,3726,5562,732,1062,214,304
R,8,2025,83,1430658,606471,824187,515713,685432,44334,74678,5489,7608,30038,41282,693,989,10204,14198,524889,698145,46728,78485,12510,17422,31902,43638,1411,1899,555489,748638,470818,619039,42363,71777,3226,4206,29666,40669,590,820,8826,12127,478735,629830,44330,74871,9279,12609,31340,42743,1218,1635,50982,75549,44895,66393,1971,2901,2263,3402,372,613,103,169,1378,2071,46154,68315,2398,3614,3231,4813,562,895,193,264
R,8,2025,84,1242336,517706,724630,438833,600346,38075,67244,4859,6767,26511,36657,640,821,8788,12795,446764,611750,40217,70778,10834,15541,28151,38817,1248,1686,472626,656015,399109,539948,36343,64605,2898,3805,26178,36110,553,683,7545,10864,405901,549602,38058,67448,8022,11265,27642,37986,1078,1437,45080,68615,39724,60398,1732,2639,1961,2962,333,547,87,138,1243,1931,40863,62148,2159,3330,2812,4276,509,831,170,249
R,8,2025,85,1096769,449081,647688,378561,535142,33517,60769,4359,6140,24416,33629,543,779,7685,11229,385428,545101,35425,63959,9537,13713,25895,35512,1089,1555,408547,584097,342864,479144,31957,58209,2538,3441,24093,33118,441,631,6654,9554,348800,487554,33519,60804,6984,9899,25424,34776,932,1314,40534,63591,35697,55998,1560,2560,1821,2699,323,511,102,148,1031,1675,36628,57547,1906,3155,2553,3814,471,736,157,241
R,8,2025,86,969904,392693,577211,332528,479635,28340,52199,3685,5434,21158,29307,416,682,6566,9954,338424,488471,29949,54992,8061,12134,22435,30976,904,1387,357331,520849,301325,429823,26949,49961,2111,3117,20904,28865,339,568,5703,8515,306429,437343,28261,52227,5904,8865,22059,30334,787,1198,35362,56362,31203,49812,1391,2238,1574,2317,254,442,77,114,863,1439,31995,51128,1688,2765,2157,3269,376,642,117,189
R,8,2025,87,866505,344577,521928,292224,434128,24293,46872,3153,4926,18565,26594,404,579,5938,8829,297554,441985,25750,49413,7125,10753,19712,28143,823,1179,314019,471789,265079,389834,23159,44865,1934,2851,18324,26221,342,466,5181,7552,269727,396512,24346,46964,5408,7848,19357,27579,709,999,30558,50139,27145,44294,1134,2007,1219,2075,241,373,62,113,757,1277,27827,45473,1404,2449,1717,2905,355,564,114,180
R,8,2025,88,738018,288442,449576,243952,373522,20376,40328,2674,4170,16051,23301,326,533,5063,7722,248525,380319,21681,42577,6021,9188,17036,24742,699,1111,262415,405732,220842,334773,19412,38592,1594,2372,15858,22946,281,434,4428,6615,224829,340550,20478,40471,4526,6660,16752,24221,616,948,26027,43844,23110,38749,964,1736,1080,1798,193,355,45,99,635,1107,23696,39769,1203,2106,1495,2528,284,521,83,163
R,8,2025,89,640970,246382,394588,208318,327737,17454,35594,2284,3688,13697,20484,247,427,4382,6658,212251,333612,18599,37572,5061,8048,14608,21700,593,899,224165,356255,188581,293788,16629,34149,1376,2114,13534,20160,206,359,3839,5685,192018,298776,17586,35778,3786,5842,14358,21233,523,775,22217,38333,19737,33949,825,1445,908,1574,163,324,41,68,543,973,20233,34836,1013,1794,1275,2206,250,467,70,124
R,8,2025,90,559290,209968,349322,177994,290452,14518,31042,1965,3302,11630,18137,250,381,3611,6008,181216,295730,15477,32730,4224,7207,12396,19260,542,829,190830,315335,160923,260339,13813,29743,1214,1890,11500,17851,213,317,3167,5195,163736,264876,14619,31138,3182,5293,12201,18853,476,718,19138,33987,17071,30113,705,1299,751,1412,130,286,37,64,444,813,17480,30854,858,1592,1042,1914,195,407,66,111
R,8,2025,91,451380,166633,284747,140982,236319,11530,25417,1558,2610,9420,15157,212,315,2931,4929,143604,240655,12278,26876,3399,5755,10069,16151,434,691,151386,257373,127384,211999,10994,24337,947,1539,9312,14936,175,268,2574,4294,129678,215762,11625,25541,2545,4281,9901,15832,371,610,15247,27374,13598,24320,536,1080,611,1071,108,221,37,47,357,635,13926,24893,653,1335,854,1474,168,319,63,81
R,8,2025,92,384022,138695,245327,117550,203817,9375,21285,1274,2256,7834,13508,153,285,2509,4176,119813,207450,10011,22481,2826,4930,8404,14343,347,643,126480,222255,106660,183237,8932,20397,801,1400,7742,13323,130,242,2215,3656,108650,186409,9468,21402,2165,3734,8263,14081,306,568,12215,23072,10890,20580,443,888,473,856,92,185,23,43,294,520,11163,21041,543,1079,661,1196,141,262,41,75
R,8,2025,93,321373,112812,208561,95822,173853,7351,17637,1027,1930,6365,11248,121,257,2126,3636,97712,177013,7915,18753,2331,4219,6849,11964,315,567,102766,189115,86841,156512,7014,16903,622,1191,6288,11090,105,216,1896,3203,88526,159280,7515,17861,1766,3207,6731,11740,281,496,10046,19446,8981,17341,337,734,405,739,77,158,16,41,230,433,9186,17733,400,892,565,1012,118,224,34,71
R,8,2025,94,263544,90397,173147,77011,144895,5690,14163,826,1548,5132,9347,105,195,1633,2999,78473,147459,6142,15075,1806,3457,5521,9950,247,464,82252,157090,69736,130581,5415,13546,504,936,5070,9235,89,167,1438,2625,71025,132805,5798,14319,1362,2605,5414,9780,209,410,8145,16057,7275,14314,275,617,322,612,62,112,16,28,195,374,7448,14654,344,756,444,852,107,170,38,54
R,8,2025,95,216331,71804,144527,60808,120337,4560,11905,701,1267,4343,8272,80,171,1312,2575,61961,122570,4920,12653,1488,2903,4652,8805,204,403,65398,131147,55066,108402,4349,11400,443,786,4299,8158,69,148,1172,2253,56090,110336,4660,12023,1137,2223,4590,8638,186,358,6406,13380,5742,11935,211,505,258,481,44,114,11,23,140,322,5871,12234,260,630,351,680,62,167,18,45
R,8,2025,96,162985,52539,110446,44436,92039,3311,9033,512,895,3198,6342,60,134,1022,2003,45328,93759,3615,9675,1152,2126,3432,6748,159,321,47820,100561,40237,83245,3151,8637,324,568,3159,6249,50,117,899,1745,41023,84729,3399,9196,884,1619,3371,6616,138,285,4719,9885,4199,8794,160,396,188,327,39,93,10,17,123,258,4305,9030,216,479,268,507,61,132,21,36
R,8,2025,97,125180,38800,86380,32744,71883,2456,6974,390,786,2363,5061,48,95,799,1581,33439,73217,2693,7469,850,1765,2560,5405,122,254,35338,78872,29659,65219,2332,6664,255,499,2346,4994,41,81,705,1415,30271,66403,2533,7093,660,1377,2529,5308,106,226,3462,7508,3085,6664,124,310,135,287,17,67,7,14,94,166,3168,6814,160,376,190,388,31,97,16,28
R,8,2025,98,92732,27717,65015,23203,53865,1798,5326,260,593,1783,3941,29,81,644,1209,23773,54893,1997,5699,624,1335,1933,4200,86,212,25351,59627,21081,49063,1728,5102,176,403,1768,3895,25,70,573,1094,21588,49992,1900,5430,499,1071,1908,4135,74,192,2366,5388,2122,4802,70,224,84,190,15,46,4,11,71,115,2185,4901,97,269,125,264,25,65,12,20
R,8,2025,99,65599,19098,46501,15792,38190,1325,3912,193,436,1318,2949,30,67,440,947,16165,38985,1446,4230,447,1002,1441,3150,85,170,17419,42571,14299,34678,1269,3763,132,305,1302,2918,25,58,392,849,14630,35387,1367,4038,358,808,1415,3097,73,151,1679,3930,1493,3512,56,149,61,131,16,31,5,9,48,98,1535,3598,79,192,89,194,26,53,12,19
R,8,2025,100,121619,32399,89220,25391,70772,2542,8237,480,1027,2953,6806,69,153,964,2225,26185,72563,2878,9059,995,2292,3234,7323,212,431,29405,81962,22790,64386,2431,7896,349,776,2917,6745,56,134,862,2025,23503,66010,2729,8630,800,1923,3171,7212,181,376,2994,7258,2601,6386,111,341,131,251,36,61,13,19,102,200,2682,6553,149,429,195,369,63,111,31,55
R,9,2025,999,341989645,167826078,174163567,122145539,125142471,22098184,24197825,3578034,3478045,11355912,12378194,477486,478958,8170923,8488074,129659211,132933072,25293257,27559807,6914500,7059672,13928674,14952407,1012692,1012744,132786957,138915413,94485402,97210692,19937357,21998643,1159929,1197357,10880059,11894302,351414,351497,5972796,6262922,99983452,102964385,22202109,24408506,3388644,3651052,12912387,13928411,736345,735501,35039121,35248154,27660137,27931779,2160827,2199182,2418105,2280688,475853,483892,126072,127461,2198127,2225152,29675759,29968687,3091148,3151301,3525856,3408620,1016287,1023996,276347,277243
R,9,2025,0,3617842,1850537,1767305,1206615,1150726,292989,283618,46701,44562,113416,106290,6874,6658,183942,175451,1378899,1314785,382394,369602,98133,93707,178114,167578,17476,16736,1308282,1247340,818673,778236,246344,238786,11664,11350,102836,96078,4644,4453,124121,118437,935561,889638,306330,296762,40381,38630,149766,140521,11178,10515,542255,519965,387942,372490,46645,44832,35037,33212,10580,10212,2230,2205,59821,57014,443338,425147,76064,72840,57752,55077,28348,27057,6298,6221
R,9,2025,1,3646361,1864547,1781814,1212322,1156810,295312,285878,47726,45559,117662,110652,6948,6827,184577,176088,1385167,1321440,384933,372057,99263,94807,182737,172345,17591,16931,1314005,1253728,818345,778276,247965,240503,11646,11309,106907,100315,4703,4562,124439,118763,935505,889958,307955,298487,40348,38562,154183,145121,11272,10649,550542,528086,393977,378534,47347,45375,36080,34250,10755,10337,2245,2265,60138,57325,449662,431482,76978,73570,58915,56245,28554,27224,6319,6282
R,9,2025,2,3702396,1892393,1810003,1226713,1170417,301919,292505,49107,47333,122108,115293,7068,7074,185478,177381,1400367,1336214,391890,379229,100771,96894,187669,177585,17754,17259,1332910,1271201,825640,784384,254198,246613,11779,11452,111224,104775,4730,4637,125339,119340,943607,896570,314479,304736,40593,38736,159078,150054,11350,10754,559483,538802,401073,386033,47721,45892,37328,35881,10884,10518,2338,2437,60139,58041,456760,439644,77411,74493,60178,58158,28591,27531,6404,6505
R,9,2025,3,3780324,1929151,1851173,1250330,1196808,309786,301209,47766,46185,126857,120388,7292,7009,187120,179574,1425519,1364654,400562,388935,99712,96132,193105,183642,18033,17282,1370737,1311549,847815,807723,262549,255557,12185,11621,116064,109928,4884,4576,127240,122144,967555,922519,323670,314949,41386,39504,164784,156409,11600,10848,558414,539624,402515,389085,47237,45652,35581,34564,10793,10460,2408,2433,59880,57430,457964,442135,76892,73986,58326,56628,28321,27233,6433,6434
R,9,2025,4,3732998,1907745,1825253,1237221,1178523,309251,300835,45427,43829,125197,119077,6752,6452,183897,176537,1409404,1343532,398446,387092,96429,92899,190339,181267,17305,16529,1375246,1310503,853028,806934,264757,257760,12336,11863,115289,109372,4606,4334,125230,120240,970874,919939,324861,316185,41035,39294,163319,155188,11221,10505,532499,514750,384193,371589,44494,43075,33091,31966,9908,9705,2146,2118,58667,56297,438530,423593,73585,70907,55394,53605,27020,26079,6084,6024
R,9,2025,5,3816336,1949636,1866700,1273620,1214310,307756,299642,47114,45031,129364,123337,6884,6506,184898,177874,1446759,1380639,397567,386689,98121,94231,194912,185938,17467,16617,1418067,1356221,886718,842423,265807,259380,13807,13293,119695,113939,4796,4514,127244,122672,1006458,957739,327001,319116,42934,41266,168411,160550,11511,10799,531569,510479,386902,371887,41949,40262,33307,31738,9669,9398,2088,1992,57654,55202,440301,422900,70566,67573,55187,52965,26501,25388,5956,5818
R,9,2025,6,3880685,1979299,1901386,1302373,1245040,308348,302009,48335,46476,129126,123750,7225,6896,183892,177215,1474524,1410714,397166,388155,99327,95704,194323,186269,17946,17048,1449453,1388954,914669,869343,267567,262849,14937,14517,119664,114532,5048,4931,127568,122782,1034642,984663,328695,322381,44272,42700,168499,161110,11900,11350,529846,512432,387704,375697,40781,39160,33398,31959,9462,9218,2177,1965,56324,54433,439882,426051,68471,65774,55055,53004,25824,25159,6046,5698
R,9,2025,7,3941083,2010621,1930462,1327742,1268914,313608,306770,49713,47982,129830,124734,7399,6857,182329,175205,1498386,1432627,401181,391480,100892,97062,194301,186502,18214,16988,1477506,1414886,936110,890183,273121,267643,15256,14774,120567,115623,5248,4889,127204,121774,1055688,1004513,333962,326390,44802,42836,169059,161864,12201,11323,533115,515576,391632,378731,40487,39127,34457,33208,9263,9111,2151,1968,55125,53431,442698,428114,67219,65090,56090,54226,25242,24638,6013,5665
R,9,2025,8,4000031,2043287,1956744,1352831,1289806,316503,308641,50810,48945,134240,128324,7584,7009,181319,174019,1522214,1452220,402498,392392,102513,98757,198508,189223,18511,17273,1502531,1433431,952859,903669,276222,269205,16136,15411,124909,119250,5417,4989,126988,120907,1072024,1017089,336142,327314,46193,44014,173424,164765,12503,11492,540756,523313,399972,386137,40281,39436,34674,33534,9331,9074,2167,2020,54331,53112,450190,435131,66356,65078,56320,54743,25084,24458,6008,5781
R,9,2025,9,4092348,2089217,2003131,1395515,1331133,317370,310530,52441,50701,134235,128734,7547,7186,182109,174847,1565600,1494295,402859,393625,105569,101772,198397,189815,18556,17660,1534692,1468725,984063,934301,276798,271056,16398,16200,124753,119694,5359,5134,127321,122340,1103560,1049038,336462,329244,47268,45951,172969,165537,12419,11851,554525,534406,411452,396832,40572,39474,36043,34501,9482,9040,2188,2052,54788,52507,462040,445257,66397,64381,58301,55821,25428,24278,6137,5809
R,9,2025,10,4116509,2103101,2013408,1406401,1340746,321571,312568,52413,51398,135250,128523,7456,7256,180010,172917,1574568,1502060,405785,394644,105731,102538,198230,188404,18198,17497,1547933,1477224,992064,941668,281183,273008,16833,16142,125914,119670,5327,5134,126612,121602,1110894,1055650,340295,330913,48183,45990,173467,164855,12308,11753,555168,536184,414337,399078,40388,39560,35580,35256,9336,8853,2129,2122,53398,51315,463674,446410,65490,63731,57548,56548,24763,23549,5890,5744
R,9,2025,11,4112635,2102521,2010114,1410311,1342544,320205,311315,53051,51111,134797,128142,7474,7223,176683,169779,1575379,1500947,402216,391542,106231,102235,196432,186353,18090,17316,1550749,1478601,997875,945943,280182,271983,16884,16254,125460,119521,5325,5106,125023,119794,1115218,1058263,338122,328918,48409,46357,172267,163460,12289,11705,551772,531513,412436,396601,40023,39332,36167,34857,9337,8621,2149,2117,51660,49985,460161,442684,64094,62624,57822,55878,24165,22893,5801,5611
R,9,2025,12,4097429,2092444,2004985,1403367,1341550,318684,310245,53776,51023,136266,129014,7581,7172,172770,165981,1564558,1496181,398359,387726,106662,102202,196395,185919,18072,17148,1544216,1474851,992855,943754,279216,271885,16981,16274,127189,120324,5376,5039,122599,117575,1107829,1053829,335729,327078,48445,46641,172948,163451,12259,11541,548228,530134,410512,397796,39468,38360,36795,34749,9077,8690,2205,2133,50171,48406,456729,442352,62630,60648,58217,55561,23447,22468,5813,5607
R,9,2025,13,4114941,2102227,2012714,1415099,1350736,320069,309954,54947,52588,134909,128162,7472,7109,169731,164165,1573300,1503643,397933,385831,108091,104067,193329,184116,17813,17012,1549077,1478419,999641,948712,280590,272152,17024,16435,125896,119655,5276,4978,120650,116487,1112669,1057679,336051,326268,48805,47138,170416,162243,12098,11547,553150,534295,415458,402024,39479,37802,37923,36153,9013,8507,2196,2131,49081,47678,460631,445964,61882,59563,59286,56929,22913,21873,5715,5465
R,9,2025,14,4174560,2135992,2038568,1443538,1372110,326598,315906,55299,53372,132909,125983,7512,7327,170136,163870,1602087,1524625,404073,391115,109632,105743,190948,181647,17870,17309,1568812,1492895,1014977,960876,286469,277230,17217,16438,123840,117309,5307,5037,121002,116005,1128273,1069283,341819,330804,49838,47681,167992,159543,12201,11562,567180,545673,428561,411234,40129,38676,38082,36934,9069,8674,2205,2290,49134,47865,473814,455342,62254,60311,59794,58062,22956,22104,5669,5747
R,9,2025,15,4258472,2177688,2080784,1477180,1406321,332746,320966,56148,53410,132287,126698,7396,7266,171931,166123,1637456,1561053,410807,397359,111863,107192,190171,182109,17801,17321,1592065,1519304,1029038,976680,293454,283002,17207,16956,123640,118375,5202,4976,123524,119315,1144703,1088270,349690,338115,51148,49826,168221,160957,12227,11687,585623,561480,448142,429641,39292,37964,38941,36454,8647,8323,2194,2290,48407,46808,492753,472783,61117,59244,60715,57366,21950,21152,5574,5634
R,9,2025,16,4327050,2213616,2113434,1508192,1432332,337988,327001,56333,54186,132078,126974,7515,7286,171510,165655,1667779,1586517,415669,403587,112283,107812,189654,181500,17962,17358,1614095,1540505,1045306,990341,298339,288998,17778,17287,123548,118720,5199,4883,123925,120276,1161108,1102734,355065,345071,52077,50554,168114,161037,12239,11754,599521,572929,462886,441991,39649,38003,38555,36899,8530,8254,2316,2403,47585,45379,506671,483783,60604,58516,60206,57258,21540,20463,5723,5604
R,9,2025,17,4486657,2296568,2190089,1567570,1486854,349755,337441,59353,56042,138353,132526,7590,7265,173947,169961,1729275,1644831,428574,415392,116690,112655,196044,188074,18495,17423,1670656,1594711,1082225,1025908,308562,298929,18520,17738,129567,123973,5136,4923,126646,123240,1200374,1140930,366477,356203,54217,52847,174575,166903,12566,11837,625912,595378,485345,460946,41193,38512,40833,38304,8786,8553,2454,2342,47301,46721,528901,503901,62097,59189,62473,59808,21469,21171,5929,5586
R,9,2025,18,4520274,2315430,2204844,1585099,1503068,349208,336451,61471,57293,140252,133725,7675,7491,171725,166816,1744659,1657873,426065,411886,120171,113925,196492,188167,18304,17803,1680383,1603065,1092759,1035527,308054,297911,18518,17938,131383,125308,5108,5122,124561,121259,1208942,1148587,364125,353318,55015,53181,175146,167567,12378,12096,635047,601779,492340,467541,41154,38540,42953,39355,8869,8417,2567,2369,47164,45557,535717,509286,61940,58568,65156,60744,21346,20600,5926,5707
R,9,2025,19,4484318,2299897,2184421,1580363,1492481,340932,329806,61799,56742,142784,137317,7714,7292,166305,160783,1734776,1641719,413994,401153,119611,112220,197552,189943,17918,17135,1669709,1591267,1090834,1030194,301015,291968,18175,17597,133908,129200,5191,4978,120586,117330,1203273,1139588,354139,344692,54103,52438,176860,170209,12172,11711,630188,593154,489529,462287,39917,37838,43624,39145,8876,8117,2523,2314,45719,43453,531503,502131,59855,56461,65508,59782,20692,19734,5746,5424
R,9,2025,20,4482184,2299435,2182749,1584871,1494242,336076,324449,62128,57237,147601,143866,7853,7444,160906,155511,1734227,1638371,405382,392713,119287,112163,200618,194622,17648,16944,1671896,1594565,1096120,1034526,296686,287487,18122,17505,139176,136027,5340,5202,116452,113818,1204618,1140391,346993,337875,53780,52144,180665,175964,12022,11773,627539,588184,488751,459716,39390,36962,44006,39732,8425,7839,2513,2242,44454,41693,529609,497980,58389,54838,65507,60019,19953,18658,5626,5171
R,9,2025,21,4503550,2310832,2192718,1597654,1506000,334387,323241,62072,55710,152036,148799,7965,7316,156718,151652,1742866,1646673,400919,388785,118531,110330,203873,198135,17786,16601,1688737,1609527,1111051,1048524,296106,286868,18166,17189,143742,141030,5437,5123,114235,110793,1217286,1151576,344520,335023,53884,51891,184671,179871,12252,11542,622095,583191,486603,457476,38281,36373,43906,38521,8294,7769,2528,2193,42483,40859,525580,495097,56399,53762,64647,58439,19202,18264,5534,5059
R,9,2025,22,4500760,2309194,2191566,1597376,1505512,333341,322941,61934,55537,156840,153167,7908,7252,151795,147157,1738012,1641802,396896,385528,118058,109669,206540,201084,17314,16168,1691527,1612354,1113718,1050650,295000,286918,17850,16752,148907,145399,5466,5102,110586,107533,1216515,1150587,341460,332911,53380,51241,188050,183062,11963,11379,617667,579212,483658,454862,38341,36023,44084,38785,7933,7768,2442,2150,41209,39624,521497,491215,55436,52617,64678,58428,18490,18022,5351,4789
R,9,2025,23,4576403,2334461,2241942,1608484,1534935,344315,339388,61240,55950,167878,162126,7794,7550,144750,141993,1742289,1665759,404250,400047,115426,108371,215260,208068,17018,16538,1716735,1659099,1122690,1076185,305535,302325,17711,17030,159956,154360,5539,5341,105304,103858,1220252,1172167,349307,346922,51964,50448,197188,190532,12015,11661,617726,582843,485794,458750,38780,37063,43529,38920,7922,7766,2255,2209,39446,38135,522037,493592,54943,53125,63462,57923,18072,17536,5003,4877
R,9,2025,24,4822501,2444272,2378229,1678569,1627386,364397,362786,60978,56347,190850,184281,8238,8175,141240,139254,1808231,1755476,423179,422297,113245,106444,237570,230358,17815,17495,1818840,1783768,1185884,1157306,323836,324617,17825,17708,182580,176148,5930,5792,102785,102197,1280438,1251471,366530,368485,50983,49529,219488,212881,12646,12470,625432,594461,492685,470080,40561,38169,43153,38639,8270,8133,2308,2383,38455,37057,527793,504005,56649,53812,62262,56915,18082,17477,5169,5025
R,9,2025,25,4926065,2494789,2431276,1718664,1664555,370482,371908,61490,55965,199902,195115,8693,8404,135558,135329,1843118,1788658,426247,429635,112192,104577,244742,240235,17842,17392,1869019,1836896,1223839,1193384,330502,333387,18083,17417,191538,186850,6402,5946,98655,99912,1314579,1285224,370934,376047,49979,48487,227214,222998,12952,12338,625770,594380,494825,471171,39980,38521,43407,38548,8364,8265,2291,2458,36903,35417,528539,503434,55313,53588,62213,56090,17528,17237,4890,5054
R,9,2025,26,4781075,2422646,2358429,1681368,1624136,350984,352889,58780,53284,193794,190917,8507,8201,129213,129002,1799803,1742468,403644,407652,107504,100126,236451,233557,17435,16736,1819934,1785484,1203683,1168881,312904,316012,17206,16579,185645,182888,6252,5812,94244,95312,1290206,1256504,351269,356541,48096,46684,219612,217028,12602,11851,602712,572945,477685,455255,38080,36877,41574,36705,8149,8029,2255,2389,34969,33690,509597,485964,52375,51111,59408,53442,16839,16529,4833,4885
R,9,2025,27,4666987,2363281,2303706,1641749,1582158,340535,342607,57496,52037,191414,194038,8253,8055,123834,124811,1755149,1696796,390493,395057,104751,97995,232036,234801,16707,16148,1777228,1747415,1177383,1139642,303615,307395,16473,15776,183392,186043,5996,5721,90369,92838,1260183,1225135,339987,346460,46303,45401,215981,219059,12097,11593,586053,556291,464366,442516,36920,35212,41023,36261,8022,7995,2257,2334,33465,31973,494966,471661,50506,48597,58448,52594,16055,15742,4610,4555
R,9,2025,28,4535657,2294395,2241262,1596046,1536049,326781,329843,55717,50291,190193,197266,7786,7538,117872,120275,1703975,1646344,373562,379504,101197,95574,229236,236561,15732,15247,1723144,1699719,1142644,1104979,291049,296032,15574,14934,182557,189594,5660,5468,85660,88712,1221229,1186439,324652,332648,44175,43806,213902,221431,11391,11016,571251,541543,453402,431070,35732,33811,40143,35357,7636,7672,2126,2070,32212,31563,482746,459905,48910,46856,57022,51768,15334,15130,4341,4231
R,9,2025,29,4508822,2277458,2231364,1587672,1528588,319316,326246,56333,50109,190952,201036,7746,7320,115439,118065,1693239,1636663,364451,374349,101517,95328,228949,239589,15782,15086,1710984,1693939,1138882,1101192,284017,292666,15317,14580,183328,193242,5631,5449,83809,86810,1215715,1180800,316301,328066,43552,43217,214053,224447,11439,11073,566474,537425,448790,427396,35299,33580,41016,35529,7624,7794,2115,1871,31630,31255,477524,455863,48150,46283,57965,52111,14896,15142,4343,4013
R,9,2025,30,4544596,2290641,2253955,1598988,1544066,324685,334435,56491,50371,189861,201329,7799,7478,112817,116276,1701883,1650223,368511,381720,101333,95512,226895,238808,15701,15402,1726161,1714454,1151860,1115198,289176,299664,15468,14877,182112,193511,5716,5563,81829,85641,1226512,1193532,320446,334174,43685,43816,212115,224029,11468,11330,564480,539501,447128,428868,35509,34771,41023,35494,7749,7818,2083,1915,30988,30635,475371,456691,48065,47546,57648,51696,14780,14779,4233,4072
R,9,2025,31,4556469,2291293,2265176,1599086,1548454,327349,342522,55326,50521,191044,200836,7680,7460,110808,115383,1699901,1653836,369498,388588,100338,96589,227327,237838,15763,15236,1735891,1730557,1158476,1123893,292663,308184,15405,14822,183499,193159,5661,5450,80187,85049,1231425,1201654,322700,341787,43520,44571,213026,223307,11576,11169,555402,534619,440610,424561,34686,34338,39921,35699,7545,7677,2019,2010,30621,30334,468476,452182,46798,46801,56818,52018,14301,14531,4187,4067
R,9,2025,32,4614958,2317817,2297141,1619437,1568989,332534,351765,56415,51454,194221,203631,7874,7443,107336,113859,1716928,1672767,372916,396857,100340,98154,229563,239686,15781,15118,1764875,1763977,1180321,1146098,297874,317164,15829,15418,186897,195994,5821,5387,78133,83916,1251337,1222715,326669,349775,43617,45841,215694,225436,11635,11014,552942,533164,439116,422891,34660,34601,40586,36036,7324,7637,2053,2056,29203,29943,465591,450052,46247,47082,56723,52313,13869,14250,4146,4104
R,9,2025,33,4682902,2349549,2333353,1648710,1600105,333551,355565,57070,52118,195364,204919,7606,7401,107248,113245,1746357,1703432,372621,398776,102643,99942,230029,240631,15421,15024,1796176,1799635,1208904,1176298,298968,320658,16479,16014,188116,197518,5650,5445,78059,83702,1279992,1252782,326569,351821,45609,47564,216425,226748,11421,11021,553373,533718,439806,423807,34583,34907,40591,36104,7248,7401,1956,1956,29189,29543,466365,450650,46052,46955,57034,52378,13604,13883,4000,4003
R,9,2025,34,4768709,2385315,2383394,1677364,1634707,338288,365899,57377,52229,199129,209839,8028,7602,105129,113118,1772412,1737492,376188,408746,102344,100551,233611,245821,15997,15472,1836048,1853658,1241806,1215873,303575,330272,16780,16410,191724,202232,6013,5676,76150,83195,1310727,1291570,330133,360794,45281,48046,219873,231626,11896,11558,549267,529736,435558,418834,34713,35627,40597,35819,7405,7607,2015,1926,28979,29923,461685,445922,46055,47952,57063,52505,13738,14195,4101,3914
R,9,2025,35,4822790,2410370,2412420,1701332,1659561,339656,367880,57271,52377,201324,212916,7808,7730,102979,111956,1794722,1761594,375738,408947,101942,102112,235320,247691,15575,15314,1864804,1884971,1267628,1241899,305503,332568,16879,16596,194056,205673,5800,5746,74938,82489,1335640,1317168,330467,361593,45544,49617,222009,234164,11588,11421,545566,527449,433704,417662,34153,35312,40392,35781,7268,7243,2008,1984,28041,29467,459082,444426,45271,47354,56398,52495,13311,13527,3987,3893
R,9,2025,36,4688802,2340978,2347824,1655442,1615433,326613,355952,54414,50887,198382,212050,7590,7197,98537,106305,1744877,1711881,360566,394350,98126,98671,230439,245401,14876,14564,1824714,1844796,1244990,1216187,294493,322617,16226,16387,191513,205197,5672,5366,71820,79042,1310108,1287857,317935,349862,44378,48563,218026,232872,11236,10987,516264,503028,410452,399246,32120,33335,38188,34500,6869,6853,1918,1831,26717,27263,434769,424024,42631,44488,53748,50108,12413,12529,3640,3577
R,9,2025,37,4616759,2296787,2319972,1635460,1607552,312328,344208,54271,50196,192718,207599,7332,7254,94678,103163,1721288,1701304,344033,380978,96552,97495,223724,239562,14439,14289,1788470,1822755,1230411,1212553,281399,311735,16121,15818,185991,200864,5420,5345,69128,76440,1293057,1282123,303357,337586,43343,47629,211739,227231,10793,10687,508317,497217,405049,394999,30929,32473,38150,34378,6727,6735,1912,1909,25550,26723,428231,419181,40676,43392,53209,49866,11985,12331,3646,3602
R,9,2025,38,4529673,2255235,2274438,1615896,1583461,302548,333052,52571,48639,186392,201978,7269,7023,90559,100285,1697825,1674645,332585,368314,94158,95462,215691,232912,14185,13792,1759969,1788976,1220312,1197163,272554,301830,15425,15307,179941,195346,5404,5152,66333,74178,1280178,1264628,293418,326541,42419,46814,204348,221006,10743,10261,495266,485462,395584,386298,29994,31222,37146,33332,6451,6632,1865,1871,24226,26107,417647,410017,39167,41773,51739,48648,11343,11906,3442,3531
R,9,2025,39,4546753,2263172,2283581,1629594,1599126,299545,330299,52514,49269,184879,200477,7190,6918,89450,97492,1710619,1687535,328515,363589,93982,96324,214020,229938,14142,13576,1767898,1800615,1233393,1213847,269734,299742,15317,15468,178437,193985,5404,5137,65613,72436,1292845,1279535,289510,323139,42510,47580,202650,218428,10668,10204,495274,482966,396201,385279,29811,30557,37197,33801,6442,6492,1786,1781,23837,25056,417774,408000,39005,40450,51472,48744,11370,11510,3474,3372
R,9,2025,40,4541168,2258970,2282198,1632694,1602333,295990,327604,52411,49065,183243,200213,7015,6926,87617,96057,1712008,1689624,323667,359481,94413,96418,211202,228946,13687,13570,1769185,1803043,1240682,1219365,267474,298031,14880,15515,176969,193791,5261,5253,63919,71088,1298481,1283978,286276,320054,42405,47847,200254,217615,10335,10320,489785,479155,392012,382968,28516,29573,37531,33550,6274,6422,1754,1673,23698,24969,413527,405646,37391,39427,52008,48571,10948,11331,3352,3250
R,9,2025,41,4422919,2194779,2228140,1588689,1566994,284128,317662,51098,48048,180505,196647,6776,6719,83583,92070,1664173,1650301,309937,347826,91837,94456,207105,224067,13347,13251,1721272,1759012,1209384,1190732,256710,289421,14709,15103,174391,190542,5070,5014,61008,68200,1264378,1252444,274304,310271,41455,46911,196468,213198,10126,10010,473507,469128,379305,376262,27418,28241,36389,32945,6114,6105,1706,1705,22575,23870,399795,397857,35633,37555,50382,47545,10637,10869,3221,3241
R,9,2025,42,4426922,2191680,2235242,1591526,1575139,283782,317883,51403,48574,175842,195211,6647,6705,82480,91730,1666032,1658016,309181,347371,92472,96127,201352,221801,13029,13160,1720992,1764178,1214045,1196970,256586,289737,14847,15227,170021,189233,4971,5005,60522,68006,1268618,1258375,273961,310208,42185,48032,191213,211214,9855,9942,470688,471064,377481,378169,27196,28146,36556,33347,5821,5978,1676,1700,21958,23724,397414,399641,35220,37163,50287,48095,10139,10587,3174,3218
R,9,2025,43,4420651,2182536,2238115,1590091,1580880,282156,318177,50879,48391,172169,193379,6490,6660,80751,90628,1663062,1662767,306914,347385,91750,96049,196654,219068,12790,13001,1714145,1764895,1213838,1200128,255315,290007,14778,15007,166350,187353,4806,4931,59058,67469,1267079,1261121,272307,310350,41962,48188,186594,208527,9680,9778,468391,473220,376253,380752,26841,28170,36101,33384,5819,6026,1684,1729,21693,23159,395983,401646,34607,37035,49788,47861,10060,10541,3110,3223
R,9,2025,44,4354371,2148527,2205844,1571570,1564137,278244,313735,49936,47812,163539,185666,6381,6305,78857,88189,1642556,1643844,302109,342067,90624,94809,186966,210212,12480,12416,1691257,1740984,1204002,1190060,252416,286286,14363,14864,157897,179742,4703,4653,57876,65379,1256006,1249185,268811,305991,41642,47444,177331,199975,9370,9248,457270,464860,367568,374077,25828,27449,35573,32948,5642,5924,1678,1652,20981,22810,386550,394659,33298,36076,48982,47365,9635,10237,3110,3168
R,9,2025,45,4374886,2160312,2214574,1578724,1567164,285498,321174,50556,48040,160728,183595,6594,6584,78212,88017,1649178,1646615,309242,349342,91489,95598,183514,207618,12597,12754,1696108,1746586,1204298,1190102,259904,293620,14694,15019,155019,177732,4886,4845,57307,65268,1255781,1248942,276120,313211,42260,48155,173886,197533,9565,9556,464204,467988,374426,377062,25594,27554,35862,33021,5709,5863,1708,1739,20905,22749,393397,397673,33122,36131,49229,47443,9628,10085,3032,3198
R,9,2025,46,4168568,2052865,2115703,1502897,1499177,270104,305298,47529,45580,152909,176824,6085,6104,73341,82720,1569025,1573709,292015,331834,86311,90285,174060,199405,11625,11746,1618541,1672403,1152188,1141630,246412,279369,13836,14153,147718,171357,4532,4467,53855,61427,1200693,1196981,261377,297554,40042,45513,165273,189982,8800,8766,434324,443300,350709,357547,23692,25929,33693,31427,5191,5467,1553,1637,19486,21293,368332,376728,30638,34280,46269,44772,8787,9423,2825,2980
R,9,2025,47,4044673,1989244,2055429,1462046,1462083,258141,292262,45748,44761,147078,170911,5774,5811,70457,79601,1525587,1533891,278965,317154,83620,88326,167198,192568,10836,11174,1565442,1621240,1118383,1111041,235535,267422,13223,13851,142098,165504,4338,4243,51865,59179,1165081,1164363,249776,284712,38998,44424,158830,183375,8222,8377,423802,434189,343663,351042,22606,24840,32525,30910,4980,5407,1436,1568,18592,20422,360506,369528,29189,32442,44622,43902,8368,9193,2614,2797
R,9,2025,48,4003453,1964387,2039066,1448308,1453429,252474,288946,45149,43988,144317,168991,5579,5812,68560,77900,1510125,1523615,272588,313049,82567,87394,163653,190069,10635,11062,1548485,1608405,1109725,1103233,230981,264791,13543,14138,139405,163774,4152,4281,50679,58188,1155310,1155607,244625,281551,39213,44825,155567,181206,8036,8299,415902,430661,338583,350196,21493,24155,31606,29850,4912,5217,1427,1531,17881,19712,354815,368008,27963,31498,43354,42569,8086,8863,2599,2763
R,9,2025,49,3858114,1892576,1965538,1391576,1401266,241521,275524,43495,42110,144488,167691,5331,5485,66165,73462,1451122,1467334,260169,298140,80106,83363,163015,187344,10303,10371,1488974,1545474,1062650,1058091,220592,252803,12972,13276,139849,162544,4036,4067,48875,54693,1106520,1107182,233310,268482,38017,42219,155396,178881,7909,7869,403602,420064,328926,343175,20929,22721,30523,28834,4639,5147,1295,1418,17290,18769,344602,360152,26859,29658,42089,41144,7619,8463,2394,2502
R,9,2025,50,3882619,1904642,1977977,1405538,1413977,242008,275724,42323,41918,146300,169024,5147,5285,63326,72049,1462508,1478819,259919,297283,77707,82718,163721,188317,9627,10002,1508635,1564563,1081179,1075070,221813,253749,12849,13545,141694,164095,3903,3925,47197,54179,1123541,1123766,234251,268799,37522,42627,156208,180153,7372,7549,396007,413414,324359,338907,20195,21975,29474,28373,4606,4929,1244,1360,16129,17870,338967,355053,25668,28484,40185,40091,7513,8164,2255,2453
R,9,2025,51,3812009,1867863,1944146,1379071,1392501,236361,269108,41220,40490,144681,167112,4920,5176,61610,69759,1434493,1455335,253489,289674,76108,80427,161523,185660,9312,9612,1485596,1542448,1065213,1062071,217330,248276,12728,13300,140344,162363,3735,3820,46246,52618,1106705,1109335,229348,262764,37269,41931,154496,177878,7126,7262,382267,401698,313858,330430,19031,20832,28492,27190,4337,4749,1185,1356,15364,17141,327788,346000,24141,26910,38839,38496,7027,7782,2186,2350
R,9,2025,52,3830970,1871115,1959855,1381927,1403029,239302,274036,40266,40194,144273,168467,4909,5101,60438,69028,1436292,1464965,255865,294347,74531,79817,160868,186779,9171,9595,1498832,1565749,1075643,1078204,221019,253592,12759,13574,140078,163865,3699,3785,45634,52729,1116509,1125450,232620,267963,37109,42514,154058,179262,7084,7275,372283,394106,306284,324825,18283,20444,27507,26620,4195,4602,1210,1316,14804,16299,319783,339515,23245,26384,37422,37303,6810,7517,2087,2320
R,9,2025,53,3968630,1936884,2031746,1440106,1465395,245581,282121,40595,39869,144440,169412,4862,5010,61300,69939,1495211,1528350,262064,302191,76266,80805,160603,187349,9187,9546,1568457,1640261,1136261,1142092,227850,261993,13338,13727,140247,164787,3685,3731,47076,53931,1178437,1190502,239668,276490,39332,43934,153964,180006,7117,7306,368427,391485,303845,323303,17731,20128,27257,26142,4193,4625,1177,1279,14224,16008,316774,337848,22396,25701,36934,36871,6639,7343,2070,2240
R,9,2025,54,4192623,2047635,2144988,1542907,1568519,255218,294397,39902,40460,140861,164445,5024,5003,63723,72164,1600309,1633623,272044,314732,77796,83698,157106,182078,9502,9613,1681168,1755831,1240054,1246811,237528,274559,13716,14422,136640,159917,3811,3806,49419,56316,1284532,1297475,249560,289353,41789,47182,150486,174831,7398,7483,366467,389157,302853,321708,17690,19838,26186,26038,4221,4528,1213,1197,14304,15848,315777,336148,22484,25379,36007,36516,6620,7247,2104,2130
R,9,2025,55,4225995,2064324,2161671,1563760,1591455,254507,290546,39563,39306,139364,163775,4846,5033,62284,71556,1619920,1655842,270852,310662,77001,82645,154650,181044,9265,9703,1702997,1782872,1264697,1277999,236943,271295,13571,14449,135355,159392,3713,3873,48718,55864,1308520,1328113,248931,286068,41693,47250,148389,173924,7289,7647,361327,378799,299063,313456,17564,19251,25992,24857,4009,4383,1133,1160,13566,15692,311400,327729,21921,24594,35308,35395,6261,7120,1976,2056
R,9,2025,56,4055696,1975566,2080130,1505668,1540176,237545,273811,37061,37717,132427,156511,4578,4890,58287,67025,1558366,1600628,252485,292139,72497,79082,146722,172211,8641,9188,1632745,1718841,1220757,1240509,221269,255842,13034,13977,128718,152402,3547,3749,45420,52362,1261733,1287664,232022,269040,39670,45559,140870,165592,6825,7161,342821,361289,284911,299667,16276,17969,24027,23740,3709,4109,1031,1141,12867,14663,296633,312964,20463,23099,32827,33523,5852,6619,1816,2027
R,9,2025,57,3942658,1917103,2025555,1459706,1497669,234457,272470,36389,36111,127439,151493,4353,4721,54759,63091,1509054,1554380,248524,289916,70013,75207,140481,165994,8199,8847,1585646,1677055,1184055,1207741,218805,255023,12843,13754,123899,147593,3371,3621,42673,49323,1222396,1251961,228947,267645,38269,43708,134937,159799,6484,6951,331457,348500,275651,289928,15652,17447,23546,22357,3540,3900,982,1100,12086,13768,286658,302419,19577,22271,31744,31499,5544,6195,1715,1896
R,9,2025,58,3923455,1901584,2021871,1460935,1509235,231538,272069,34697,35162,117096,139058,4459,4612,52859,61735,1508701,1564876,244863,289176,67811,74079,129164,152422,8070,8602,1583198,1685112,1195174,1228499,216812,255064,12851,13877,113678,135386,3459,3576,41224,48710,1232330,1272300,226429,267639,37898,44046,123902,146579,6421,6787,318386,336759,265761,280736,14726,17005,21846,21285,3418,3672,1000,1036,11635,13025,276371,292576,18434,21537,29913,30033,5262,5843,1649,1815
R,9,2025,59,3969748,1920859,2048889,1474848,1529540,237900,279736,34400,35203,116756,138325,4407,4730,52548,61355,1521918,1584656,251409,296580,67576,74251,128563,151492,8166,8696,1606988,1716955,1212542,1252479,223027,263310,13108,14228,113467,134746,3429,3684,41415,48508,1249532,1295999,232793,275666,38716,44642,123439,145777,6498,6863,313871,331934,262306,277061,14873,16426,21292,20975,3289,3579,978,1046,11133,12847,272386,288657,18616,20914,28860,29609,5124,5715,1668,1833
R,9,2025,60,4132217,1993188,2139029,1541130,1609095,243166,287919,34578,35402,116697,139083,4336,4744,53281,62786,1589102,1665500,256492,305057,68571,75643,128407,152224,8057,8768,1683700,1810179,1281898,1333936,228750,271557,13787,15075,113486,135581,3385,3731,42394,50299,1319954,1379053,238622,284374,40195,46885,123475,146680,6450,7022,309488,328850,259232,275159,14416,16362,20791,20327,3211,3502,951,1013,10887,12487,269148,286447,17870,20683,28376,28758,4932,5544,1607,1746
R,9,2025,61,4235500,2036174,2199326,1586229,1669212,241976,287951,34001,34807,116742,140145,4068,4540,53158,62671,1634091,1725609,254827,304254,68680,76045,128053,153027,7712,8458,1740850,1879992,1338507,1401124,228296,272050,13969,15448,113801,136917,3220,3552,43057,50901,1377176,1446837,237953,284366,41648,48670,123488,147899,6218,6816,295324,319334,247722,268088,13680,15901,20032,19359,2941,3228,848,988,10101,11770,256915,278772,16874,19888,27032,27375,4565,5128,1494,1642
R,9,2025,62,4231328,2029681,2201647,1585744,1678547,236545,282951,32876,33580,118344,140139,3939,4452,52233,61978,1632785,1734332,249094,299187,67208,74319,129348,152578,7403,8305,1747488,1894414,1348808,1420217,223596,268028,14094,15257,115435,136889,3147,3531,42408,50492,1386914,1465561,233027,280475,41555,48187,124919,147481,6045,6708,282193,307233,236936,258330,12949,14923,18782,18323,2909,3250,792,921,9825,11486,245871,268771,16067,18712,25653,26132,4429,5097,1358,1597
R,9,2025,63,4198858,2008740,2190118,1583604,1685926,230169,277897,31193,32737,109025,128942,4074,4438,50675,60178,1629397,1740141,241997,293410,64627,72818,119698,140867,7447,8127,1740233,1896671,1357367,1438619,218091,264140,13646,15058,106349,125879,3267,3544,41513,49431,1394787,1483063,227066,276043,40646,47744,115629,136115,6121,6578,268507,293447,226237,247307,12078,13757,17547,17679,2676,3063,807,894,9162,10747,234610,257078,14931,17367,23981,25074,4069,4752,1326,1549
R,9,2025,64,4201783,2003153,2198630,1593040,1704746,225488,274861,29803,32084,101402,123505,3814,4134,49606,59300,1637797,1758112,237227,289981,62806,71948,111728,135009,7036,7825,1749539,1918183,1379243,1468444,214007,261708,13494,15305,98954,120637,3074,3293,40767,48796,1415918,1512286,222952,273337,40302,47921,107912,130499,5792,6309,253614,280447,213797,236302,11481,13153,16309,16779,2448,2868,740,841,8839,10504,221879,245826,14275,16644,22504,24027,3816,4510,1244,1516
R,9,2025,65,4176355,1984967,2191388,1574030,1695554,224983,274685,29364,31671,104313,127985,3699,4115,48578,57378,1617871,1747082,236446,289579,61672,69951,114308,139233,6836,7591,1737022,1915374,1364827,1462634,213833,261832,13285,15101,101924,125140,3005,3327,40148,47340,1400972,1505049,222635,273372,39667,46486,110656,134812,5613,6217,247945,276014,209203,232920,11150,12853,16079,16570,2389,2845,694,788,8430,10038,216899,242033,13811,16207,22005,23465,3652,4421,1223,1374
R,9,2025,66,4062382,1922293,2140089,1534154,1664997,214026,265514,27453,29722,97514,121121,3449,3813,45697,54922,1575308,1714497,224538,279418,58061,66828,107034,131627,6355,7043,1695181,1884268,1342357,1449018,203854,253621,12784,14428,95307,118505,2824,3132,38055,45564,1376566,1489964,212059,264518,37903,45029,103692,127592,5277,5800,227112,255821,191797,215979,10172,11893,14669,15294,2207,2616,625,681,7642,9358,198742,224533,12479,14900,20158,21799,3342,4035,1078,1243
R,9,2025,67,3994809,1882922,2111887,1507871,1649175,205171,256559,25380,28221,97791,121783,3271,3601,43438,52548,1546969,1696408,215232,270043,54606,63813,106661,131779,5980,6627,1671078,1869093,1328854,1443663,195454,245370,12132,14041,95765,119300,2677,2955,36196,43764,1361339,1482917,203277,255964,36243,43509,103551,127954,4976,5466,211844,242794,179017,205512,9717,11189,13248,14180,2026,2483,594,646,7242,8784,185630,213491,11955,14079,18363,20304,3110,3825,1004,1161
R,9,2025,68,3944880,1850535,2094345,1487501,1642572,198539,252066,24906,27007,94494,118734,3105,3467,41990,50499,1525346,1688028,208220,264826,53259,61732,102987,127927,5738,6370,1647303,1858886,1315294,1442453,189556,241307,11954,13588,92618,116484,2600,2813,35281,42241,1347004,1480379,197215,251411,35523,42542,100150,124424,4845,5247,203232,235459,172207,200119,8983,10759,12952,13419,1876,2250,505,654,6709,8258,178342,207649,11005,13415,17736,19190,2837,3503,893,1123
R,9,2025,69,3789852,1770867,2018985,1427610,1584694,186793,240731,23060,25539,91197,116786,2899,3293,39308,47942,1463112,1627818,195808,252865,49575,58354,99050,125733,5414,6092,1580877,1796575,1266497,1395582,178363,230472,11152,13064,89378,114515,2394,2738,33093,40204,1296333,1431657,185457,240069,33257,40467,96301,122307,4507,5119,189990,222410,161113,189112,8430,10259,11908,12475,1819,2271,505,555,6215,7738,166779,196161,10351,12796,16318,17887,2749,3426,907,973
R,9,2025,70,3679780,1714122,1965658,1387060,1550583,176517,228868,21869,24233,88978,113975,2769,3209,36929,44790,1420251,1590674,185038,240337,46894,54715,96325,122476,5181,5930,1533739,1752811,1233976,1369286,168464,219204,10663,12267,87281,111919,2304,2631,31051,37504,1261827,1402714,175167,228231,31495,37646,93796,119377,4373,4957,180383,212847,153084,181297,8053,9664,11206,11966,1697,2056,465,578,5878,7286,158424,187960,9871,12106,15399,17069,2529,3099,808,973
R,9,2025,71,3533363,1635885,1897478,1333047,1506027,163724,216697,19804,22607,83313,107052,2528,3009,33469,42086,1363212,1543702,171566,227443,42540,51494,89858,114725,4607,5557,1471617,1699307,1193088,1336755,156394,207854,9944,11730,81825,105084,2102,2471,28264,35413,1218491,1368352,162585,216334,28984,35981,87630,111781,3907,4658,164268,198171,139959,169272,7330,8843,9860,10877,1488,1968,426,538,5205,6673,144721,175350,8981,11109,13556,15513,2228,2944,700,899
R,9,2025,72,3361685,1549139,1812546,1270281,1448273,149602,201494,18182,20579,77612,100072,2321,2682,31141,39446,1298305,1483735,156793,211539,39478,47548,83691,107297,4306,5078,1398568,1627786,1141642,1289828,142961,193280,9285,10985,76274,98398,1947,2233,26459,33062,1165412,1319419,148670,201239,27226,33504,81715,104709,3659,4303,150571,184760,128639,158445,6641,8214,8897,9594,1338,1674,374,449,4682,6384,132893,164316,8123,10300,12252,14044,1976,2588,647,775
R,9,2025,73,3218282,1477968,1740314,1218949,1396803,138316,189732,16436,19236,73406,95686,2188,2564,28673,36293,1244783,1429365,145016,199031,36072,44325,78878,102069,4036,4778,1339448,1568408,1100106,1248909,132272,182233,8611,10347,72152,94134,1854,2125,24453,30660,1122050,1276321,137672,189617,25234,31520,77045,99728,3439,4023,138520,171906,118843,147894,6044,7499,7825,8889,1254,1552,334,439,4220,5633,122733,153044,7344,9414,10838,12805,1833,2341,597,755
R,9,2025,74,3050867,1393359,1657508,1152753,1331350,129753,182587,15303,18056,66837,89013,1938,2374,26775,34128,1176793,1361985,135978,191472,33905,41855,71760,94716,3643,4400,1262778,1494579,1040307,1191132,124158,175548,8068,9679,65736,87562,1659,1961,22850,28697,1060734,1216781,129197,182602,23852,29740,70112,92505,3141,3714,130581,162929,112446,140218,5595,7039,7235,8377,1101,1451,279,413,3925,5431,116059,145204,6781,8870,10053,12115,1648,2211,502,686
R,9,2025,75,2890899,1313121,1577778,1082634,1264352,121622,172324,14382,16808,67519,90234,1841,2133,25123,31927,1105234,1292900,127569,180785,31636,38756,72233,95868,3462,4104,1191584,1421823,978124,1129694,116378,165494,7626,9092,66455,88817,1558,1801,21443,26925,997340,1153672,121150,172232,22250,27604,70660,93698,3000,3489,121537,155955,104510,134658,5244,6830,6756,7716,1064,1417,283,332,3680,5002,107894,139228,6419,8553,9386,11152,1573,2170,462,615
R,9,2025,76,2768865,1251113,1517752,1041345,1228390,109594,158358,13245,15363,62119,83537,1732,2042,23078,30062,1062134,1255292,114829,166199,29251,36247,66390,88581,3296,3914,1140250,1374802,945537,1104452,105057,152290,7175,8461,61104,82257,1462,1725,19915,25617,963421,1127296,109271,158639,20973,26277,64928,86695,2842,3349,110863,142950,95808,123938,4537,6068,6070,6902,1015,1280,270,317,3163,4445,98713,127996,5558,7560,8278,9970,1462,1886,454,565
R,9,2025,77,2665735,1200094,1465641,1007274,1196502,100142,147092,11986,14362,57669,77239,1543,1940,21480,28506,1026618,1222065,105116,154432,26881,34247,61563,81989,2948,3672,1097290,1331423,918135,1080169,95954,141457,6708,7995,56791,76019,1298,1643,18404,24140,934657,1101734,100022,147343,19372,24796,60272,80174,2554,3160,102804,134218,89139,116333,4188,5635,5278,6367,878,1220,245,297,3076,4366,91961,120331,5094,7089,7509,9451,1291,1815,394,512
R,9,2025,78,2727442,1225282,1502160,1046199,1251871,91898,135925,11593,13628,52721,70879,1446,1682,21425,28175,1065618,1277333,96593,143119,26811,33571,56371,75289,2788,3316,1129445,1374914,962785,1141065,88197,130673,6607,7762,51935,69758,1236,1423,18685,24233,979715,1162911,92071,136528,19848,24951,55191,73634,2440,2875,95837,127246,83414,110806,3701,5252,4986,5866,786,1121,210,259,2740,3942,85903,114422,4522,6591,6963,8620,1180,1655,348,441
R,9,2025,79,2033465,903084,1130381,761773,928580,70121,107376,8851,11179,44958,60285,1233,1484,16148,21477,776394,947847,73815,112962,19941,25830,47890,64032,2373,2929,822502,1019939,691534,832566,66883,102605,4880,6139,44271,59285,1057,1253,13877,18091,704086,848717,69839,107067,14395,18496,46881,62553,2076,2520,80582,110442,70239,96014,3238,4771,3971,5040,687,1000,176,231,2271,3386,72308,99130,3976,5895,5546,7334,1009,1479,297,409
R,9,2025,80,1837002,806967,1030035,680414,845746,63485,99566,7834,10236,40217,54201,1056,1351,13961,18935,693000,862644,66760,104659,17334,23113,42844,57427,2106,2643,734270,929329,616856,757768,60666,95434,4333,5639,39614,53323,894,1123,11907,16042,627546,772016,63281,99528,12393,16543,41930,56165,1826,2246,72697,100706,63558,87978,2819,4132,3501,4597,603,878,162,228,2054,2893,65454,90628,3479,5131,4941,6570,914,1262,280,397
R,9,2025,81,1731031,752128,978903,637676,810083,56632,90921,7192,9301,36746,49498,909,1226,12973,17874,649341,826004,59767,95879,16075,21526,39087,52434,1844,2472,687828,886647,581355,729325,54087,87241,4090,5122,36283,48692,785,1021,11228,15246,591425,742846,56645,91288,11775,15573,38384,51264,1610,2126,64300,92256,56321,80758,2545,3680,3102,4179,463,806,124,205,1745,2628,57916,83158,3122,4591,4300,5953,703,1170,234,346
R,9,2025,82,1717846,738812,979034,634044,821323,52508,86979,6464,8773,32910,43820,808,1074,12078,17065,644962,836589,55376,91597,14779,20562,35024,46539,1704,2234,679640,892072,582016,745280,50236,83404,3785,4834,32418,43133,697,898,10488,14523,591486,758224,52576,87102,11018,14931,34292,45471,1484,1932,59172,86962,52028,76043,2272,3575,2679,3939,492,687,111,176,1590,2542,53476,78365,2800,4495,3761,5631,732,1068,220,302
R,9,2025,83,1443160,611965,831195,520260,691149,44782,75459,5561,7673,30290,41583,698,992,10374,14339,529584,703987,47210,79345,12694,17568,32192,43941,1430,1914,560595,754931,475075,624124,42792,72500,3251,4261,29912,40967,592,823,8973,12256,483122,635031,44783,75660,9394,12743,31619,43048,1233,1645,51370,76264,45185,67025,1990,2959,2310,3412,378,616,106,169,1401,2083,46462,68956,2427,3685,3300,4825,573,893,197,269
R,9,2025,84,1250934,521850,729084,442589,604496,38246,67331,4912,6793,26589,36715,640,836,8874,12913,450605,616013,40384,70876,10958,15689,28241,38879,1253,1688,476554,660442,402678,544093,36502,64694,2935,3825,26257,36162,553,695,7629,10973,409557,553849,38218,67547,8132,11399,27726,38034,1080,1437,45296,68642,39911,60403,1744,2637,1977,2968,332,553,87,141,1245,1940,41048,62164,2166,3329,2826,4290,515,845,173,251
R,9,2025,85,1103594,452096,651498,381067,538176,33764,61123,4371,6190,24579,33918,555,780,7760,11311,387996,548222,35698,64346,9599,13807,26077,35803,1107,1567,411290,587533,345107,481855,32191,58552,2550,3469,24253,33408,461,632,6728,9617,351107,490333,33777,61173,7048,9959,25603,35074,954,1327,40806,63965,35960,56321,1573,2571,1821,2721,326,510,94,148,1032,1694,36889,57889,1921,3173,2551,3848,474,729,153,240
R,9,2025,86,971650,393252,578398,332777,480198,28494,52591,3707,5455,21270,29430,409,686,6595,10038,338700,489099,30126,55388,8103,12224,22535,31128,894,1403,357781,521837,301497,430239,27095,50336,2136,3110,21018,28988,327,573,5708,8591,306605,437818,28418,52603,5932,8920,22161,30480,769,1207,35471,56561,31280,49959,1399,2255,1571,2345,252,442,82,113,887,1447,32095,51281,1708,2785,2171,3304,374,648,125,196
R,9,2025,87,870088,346328,523760,293585,435661,24421,46906,3213,4973,18707,26737,418,591,5984,8892,298957,443583,25881,49455,7208,10857,19883,28283,846,1190,315604,473359,266339,391128,23276,44892,1953,2898,18456,26362,354,474,5226,7605,271026,397860,24467,46995,5453,7944,19513,27718,728,1008,30724,50401,27246,44533,1145,2014,1260,2075,251,375,64,117,758,1287,27931,45723,1414,2460,1755,2913,370,565,118,182
R,9,2025,88,743076,290549,452527,245798,375889,20467,40507,2687,4223,16155,23556,326,532,5116,7820,250422,382769,21779,42793,6089,9305,17139,25006,698,1121,264325,408357,222478,336856,19503,38762,1612,2400,15966,23193,280,433,4486,6713,226523,342717,20581,40677,4597,6756,16860,24478,615,959,26224,44170,23320,39033,964,1745,1075,1823,189,363,46,99,630,1107,23899,40052,1198,2116,1492,2549,279,528,83,162
R,9,2025,89,643179,247289,395890,208931,328860,17512,35656,2302,3695,13846,20551,253,434,4445,6694,212921,334763,18670,37652,5128,8067,14763,21774,601,915,224923,357370,189070,294758,16672,34185,1394,2118,13685,20233,210,366,3892,5710,192550,299760,17642,35832,3844,5843,14515,21318,528,788,22366,38520,19861,34102,840,1471,908,1577,161,318,43,68,553,984,20371,35003,1028,1820,1284,2224,248,456,73,127
R,9,2025,90,561550,211127,350423,178946,291202,14619,31188,1986,3316,11691,18264,240,379,3645,6074,182196,296543,15580,32895,4277,7265,12465,19407,537,830,191883,316289,161794,260956,13915,29884,1218,1910,11556,17973,205,313,3195,5253,164627,265555,14719,31291,3213,5354,12265,18987,474,715,19244,34134,17152,30246,704,1304,768,1406,135,291,35,66,450,821,17569,30988,861,1604,1064,1911,200,420,63,115
R,9,2025,91,456942,168983,287959,143021,239074,11672,25665,1581,2667,9498,15282,221,321,2990,4950,145704,243434,12445,27115,3448,5844,10156,16264,443,694,153536,260236,129231,214443,11124,24583,973,1570,9390,15056,184,274,2634,4310,131585,218222,11774,25783,2605,4335,9988,15943,380,616,15447,27723,13790,24631,548,1082,608,1097,108,226,37,47,356,640,14119,25212,671,1332,843,1509,168,321,63,78
R,9,2025,92,382876,138168,244708,117001,203121,9353,21326,1284,2259,7877,13492,157,285,2496,4225,119240,206792,9974,22535,2840,4971,8447,14332,354,648,125913,221616,106072,182543,8910,20421,808,1403,7788,13309,133,241,2202,3699,108038,185748,9433,21436,2167,3773,8313,14071,313,572,12255,23092,10929,20578,443,905,476,856,89,183,24,44,294,526,11202,21044,541,1099,673,1198,134,261,41,76
R,9,2025,93,322749,113377,209372,96169,174346,7446,17744,1029,1944,6458,11383,125,261,2150,3694,98083,177557,8026,18872,2349,4279,6940,12111,320,574,103306,189743,87160,156839,7108,17007,632,1198,6378,11224,107,221,1921,3254,88868,159655,7620,17980,1796,3251,6821,11885,285,505,10071,19629,9009,17507,338,737,397,746,80,159,18,40,229,440,9215,17902,406,892,553,1028,119,226,35,69
R,9,2025,94,263876,90831,173045,77323,144856,5719,14138,848,1570,5160,9306,102,193,1679,2982,78825,147411,6186,15044,1841,3466,5566,9908,247,454,82652,157033,70022,130587,5442,13527,512,949,5100,9189,89,164,1487,2617,71354,132810,5846,14297,1385,2618,5458,9731,213,398,8179,16012,7301,14269,277,611,336,621,60,117,13,29,192,365,7471,14601,340,747,456,848,108,177,34,56
R,9,2025,95,218115,72616,145499,61528,121079,4641,12005,689,1265,4360,8365,82,171,1316,2614,62692,123344,5002,12756,1489,2926,4659,8906,208,411,66139,131999,55715,109026,4430,11495,447,786,4313,8252,70,149,1164,2291,56741,110989,4733,12128,1148,2244,4591,8743,186,367,6477,13500,5813,12053,211,510,242,479,47,113,12,22,152,323,5951,12355,269,628,341,682,68,163,22,44
R,9,2025,96,164289,52964,111325,44810,92792,3288,9063,519,922,3235,6378,60,136,1052,2034,45730,94535,3598,9721,1172,2160,3478,6796,163,330,48201,101333,40577,83891,3122,8668,329,588,3194,6285,50,119,929,1782,41390,85406,3377,9236,901,1655,3417,6664,143,293,4763,9992,4233,8901,166,395,190,334,41,93,10,17,123,252,4340,9129,221,485,271,505,61,132,20,37
R,9,2025,97,125559,39027,86532,32893,71897,2484,7039,401,785,2391,5095,46,96,812,1620,33601,73269,2720,7545,885,1788,2586,5451,121,257,35534,78963,29779,65193,2360,6723,259,505,2375,5027,39,83,722,1432,30407,66394,2561,7158,689,1392,2557,5347,104,229,3493,7569,3114,6704,124,316,142,280,16,68,7,13,90,188,3194,6875,159,387,196,396,29,104,17,28
R,9,2025,98,93058,27982,65076,23411,53855,1813,5323,261,597,1820,3984,34,81,643,1236,23975,54901,2014,5702,619,1369,1971,4242,93,208,25578,59599,21253,48971,1743,5095,177,407,1803,3938,29,71,573,1117,21758,49917,1915,5431,494,1101,1944,4176,78,188,2404,5477,2158,4884,70,228,84,190,17,46,5,10,70,119,2217,4984,99,271,125,268,27,66,15,20
R,9,2025,99,66875,19533,47342,16170,38968,1348,3936,203,440,1322,2980,28,68,462,950,16564,39770,1480,4259,467,1014,1448,3174,85,168,17843,43410,14666,35463,1296,3781,136,309,1308,2946,23,59,414,852,15015,36178,1403,4059,373,817,1427,3121,74,150,1690,3932,1504,3505,52,155,67,131,14,34,5,9,48,98,1549,3592,77,200,94,197,21,53,11,18
R,9,2025,100,124057,33259,90798,26147,72109,2581,8324,487,1052,2991,6883,72,155,981,2275,26956,73940,2921,9162,1016,2336,3274,7418,216,443,30233,83441,23517,65628,2467,7987,356,792,2954,6823,59,136,880,2075,24245,67294,2771,8736,819,1960,3212,7305,186,387,3026,7357,2630,6481,114,337,131,260,37,60,13,19,101,200,2711,6646,150,426,197,376,62,113,30,56
R,10,2025,999,342082526,167865564,174216962,122142603,125151515,22108619,24209533,3580124,3480780,11370891,12393553,478017,479511,8185310,8502070,129669804,132955238,25311020,27578564,6919757,7065661,13949228,14973065,1014045,1014128,132794639,138930786,94461859,97193656,19943620,22006274,1160497,1197963,10894299,11908776,351822,351889,5982542,6272228,99969162,102956142,22213098,24420648,3390924,3653321,12930782,13946823,737222,736351,35070925,35286176,27680744,27957859,2164999,2203259,2419627,2282817,476592,484777,126195,127622,2202768,2229842,29700642,29999096,3097922,3157916,3528833,3412340,1018446,1026242,276823,277777
R,10,2025,0,3617199,1850168,1767031,1206446,1150611,292928,283600,46677,44541,113332,106205,6871,6652,183914,175422,1378705,1314644,382322,369573,98103,93680,178014,167473,17474,16731,1308116,1247214,818657,778231,246296,238775,11663,11349,102756,95995,4642,4449,124102,118415,935531,889616,306275,296742,40380,38627,149673,140422,11175,10510,542052,519817,387789,372380,46632,44825,35014,33192,10576,10210,2229,2203,59812,57007,443174,425028,76047,72831,57723,55053,28341,27051,6299,6221
R,10,2025,1,3648096,1865464,1782632,1213161,1157558,295414,285967,47710,45547,117522,110493,6951,6826,184706,176241,1386130,1322332,385102,372227,99286,94843,182636,172231,17600,16938,1315048,1254606,819280,779089,248084,240591,11669,11330,106773,100154,4707,4564,124535,118878,936535,890882,308130,298641,40396,38617,154071,144989,11279,10655,550416,528026,393881,378469,47330,45376,36041,34217,10749,10339,2244,2262,60171,57363,449595,431450,76972,73586,58890,56226,28565,27242,6321,6283
R,10,2025,2,3690530,1887020,1803510,1223471,1166406,300587,291319,49059,47084,121802,114887,7015,7021,185086,176793,1396758,1331653,390369,377758,100624,96490,187220,176961,17680,17179,1327983,1265855,822774,781111,252829,245457,11731,11359,110942,104396,4714,4639,124993,118893,940419,892876,312948,303366,40465,38544,158659,149496,11314,10735,559037,537655,400697,385295,47758,45862,37328,35725,10860,10491,2301,2382,60093,57900,456339,438777,77421,74392,60159,57946,28561,27465,6366,6444
R,10,2025,3,3774368,1926041,1848327,1248257,1195064,309086,300195,47931,46483,126615,120262,7318,7044,186834,179279,1423179,1362633,399726,387778,99798,96348,192762,183409,18041,17302,1366424,1307647,844740,805234,261776,254556,12147,11608,115790,109758,4908,4572,127063,121919,964314,919822,322813,313840,41311,39439,164438,156147,11610,10829,559617,540680,403517,389830,47310,45639,35784,34875,10825,10504,2410,2472,59771,57360,458865,442811,76913,73938,58487,56909,28324,27262,6431,6473
R,10,2025,4,3743165,1912559,1830606,1240733,1182687,309577,301198,45523,43910,125321,119128,6792,6510,184613,177173,1413583,1348287,399118,387760,96730,93157,190715,181549,17386,16628,1378309,1313830,855541,809709,264807,257849,12324,11847,115377,109406,4605,4364,125655,120655,973782,923102,325112,316469,41120,39370,163573,155389,11244,10559,534250,516776,385192,372978,44770,43349,33199,32063,9944,9722,2187,2146,58958,56518,439801,425185,74006,71291,55610,53787,27142,26160,6142,6069
R,10,2025,5,3807880,1945481,1862399,1269232,1209874,308573,300281,46965,44958,129232,123176,6845,6466,184634,177644,1442123,1375987,398271,387223,97914,94109,194669,185691,17415,16568,1412637,1350560,881551,837297,266339,259682,13626,13122,119493,113707,4768,4468,126860,122284,1000932,952254,327357,319233,42651,40990,168066,160181,11459,10731,532844,511839,387681,372577,42234,40599,33339,31836,9739,9469,2077,1998,57774,55360,441191,423733,70914,67990,55263,53119,26603,25510,5956,5837
R,10,2025,6,3877149,1977633,1899516,1300189,1242812,308238,301931,48235,46294,129668,124103,7233,6887,184070,177489,1472494,1408733,397142,388259,99216,95558,195022,186749,17958,17047,1448146,1387254,913025,867413,267410,262681,14840,14441,120186,114864,5051,4919,127634,122936,1033055,982877,328522,322289,44169,42638,169128,161550,11911,11335,529487,512262,387164,375399,40828,39250,33395,31853,9482,9239,2182,1968,56436,54553,439439,425856,68620,65970,55047,52920,25894,25199,6047,5712
R,10,2025,7,3932307,2005808,1926499,1324307,1265952,312577,305836,49631,48016,129582,124616,7371,6873,182340,175206,1494964,1429674,400219,390559,100756,97057,194051,186404,18170,16996,1473409,1411687,933450,887999,272051,266749,15232,14756,120297,115502,5217,4907,127162,121774,1052992,1002324,332913,325508,44723,42807,168781,161753,12146,11348,532399,514812,390857,377953,40526,39087,34399,33260,9285,9114,2154,1966,55178,53432,441972,427350,67306,65051,56033,54250,25270,24651,6024,5648
R,10,2025,8,3993368,2040055,1953313,1349871,1286829,316614,308782,50656,48696,133953,128060,7573,6971,181388,173975,1519358,1449216,402785,392606,102270,98334,198227,188983,18491,17214,1500285,1431065,950607,901493,276426,269418,16120,15313,124675,118988,5422,4964,127035,120889,1069839,1014908,336487,327578,46127,43791,173170,164534,12506,11444,539770,522248,399264,385336,40188,39364,34536,33383,9278,9072,2151,2007,54353,53086,449519,434308,66298,65028,56143,54543,25057,24449,5985,5770
R,10,2025,9,4090540,2088030,2002510,1393604,1329758,317620,310661,52469,50682,134586,129107,7556,7182,182195,175120,1563759,1493182,403210,393943,105533,101781,198795,190295,18564,17664,1533905,1468376,982775,933441,276931,271086,16371,16205,125086,120061,5362,5132,127380,122451,1102321,1048291,336639,329341,47188,45956,173363,165962,12422,11849,554125,534134,410829,396317,40689,39575,36098,34477,9500,9046,2194,2050,54815,52669,461438,444891,66571,64602,58345,55825,25432,24333,6142,5815
R,10,2025,10,4114879,2102277,2012602,1406043,1340111,321313,312464,52247,51396,134978,128421,7467,7264,180229,172946,1574427,1501451,405609,394553,105541,102470,198119,188384,18249,17535,1546925,1475929,991562,940678,280914,272910,16811,16123,125626,119519,5332,5138,126680,121561,1110467,1054622,340027,330790,48122,45904,173275,164751,12332,11776,555352,536673,414481,399433,40399,39554,35436,35273,9352,8902,2135,2126,53549,51385,463960,446829,65582,63763,57419,56566,24844,23633,5917,5759
R,10,2025,11,4117651,2104978,2012673,1411567,1343777,320388,311595,53073,51183,135376,128621,7477,7225,177097,170272,1577013,1502640,402649,392092,106305,102386,197188,187019,18101,17315,1552499,1480581,998654,946873,280325,272179,16899,16285,126024,120007,5335,5121,125262,120116,1116217,1059490,338404,329263,48434,46425,172947,164096,12301,11716,552479,532092,412913,396904,40063,39416,36174,34898,9352,8614,2142,2104,51835,50156,460796,443150,64245,62829,57871,55961,24241,22923,5800,5599
R,10,2025,12,4092546,2089857,2002689,1401493,1339982,318449,310112,53830,50932,135654,128518,7562,7175,172869,165970,1562812,1494621,398214,387692,106646,102005,195828,185413,18054,17167,1542246,1473078,991743,942715,278990,271749,16920,16251,126565,119809,5363,5030,122665,117524,1106794,1052763,335565,327011,48327,46545,172362,162892,12245,11531,547611,529611,409750,397267,39459,38363,36910,34681,9089,8709,2199,2145,50204,48446,456018,441858,62649,60681,58319,55460,23466,22521,5809,5636
R,10,2025,13,4114148,2101420,2012728,1413850,1350016,319845,309792,54855,52640,135463,128705,7491,7118,169916,164457,1572222,1503198,397820,385857,107991,104157,194002,184785,17835,17017,1548581,1478174,998753,947994,280352,271918,17020,16438,126451,120174,5287,4988,120718,116662,1111850,1057133,335846,326135,48771,47148,171036,162849,12104,11549,552839,534554,415097,402022,39493,37874,37835,36202,9012,8531,2204,2130,49198,47795,460372,446065,61974,59722,59220,57009,22966,21936,5731,5468
R,10,2025,14,4174202,2135927,2038275,1442921,1371503,326706,315962,55232,53336,133199,126155,7514,7311,170355,164008,1601673,1524150,404428,391258,109495,105620,191322,181939,17890,17314,1569258,1493305,1015037,960977,286414,277277,17218,16407,124119,117490,5299,5026,121171,116128,1128489,1069504,341935,330930,49798,47590,168347,159825,12201,11575,566669,544970,427884,410526,40292,38685,38014,36929,9080,8665,2215,2285,49184,47880,473184,454646,62493,60328,59697,58030,22975,22114,5689,5739
R,10,2025,15,4252586,2174580,2078006,1474521,1404150,332335,320462,56236,53406,132282,126739,7375,7272,171831,165977,1634691,1558757,410297,396695,112007,107186,190101,182152,17788,17326,1590246,1517366,1027908,975682,293083,282452,17201,16935,123595,118379,5192,4993,123267,118925,1143334,1086913,349122,337337,51144,49658,168060,160909,12209,11696,584334,560640,446613,428468,39252,38010,39035,36471,8687,8360,2183,2279,48564,47052,491357,471844,61175,59358,60863,57528,22041,21243,5579,5630
R,10,2025,16,4314584,2206911,2107673,1503086,1428031,336826,326103,56225,54093,131943,126835,7567,7278,171264,165333,1662489,1581887,414358,402647,111989,107465,189616,181343,17950,17338,1609594,1536361,1042100,987523,297339,288064,17763,17239,123462,118606,5269,4876,123661,120053,1157686,1099693,353931,344053,51868,50361,168093,160908,12266,11716,597317,571312,460986,440508,39487,38039,38462,36854,8481,8229,2298,2402,47603,45280,504803,482194,60427,58594,60121,57104,21523,20435,5684,5622
R,10,2025,17,4479879,2293494,2186385,1565299,1483939,349576,337123,59136,55753,138147,132275,7554,7257,173782,170038,1726844,1642033,428448,415172,116147,112310,195863,187817,18464,17387,1668729,1592491,1081015,1024103,308340,298730,18418,17708,129342,123739,5112,4920,126502,123291,1199026,1139186,366296,356097,53886,52794,174347,166669,12555,11819,624765,593894,484284,459836,41236,38393,40718,38045,8805,8536,2442,2337,47280,46747,527818,502847,62152,59075,62261,59516,21516,21148,5909,5568
R,10,2025,18,4522493,2315924,2206569,1585052,1503943,349253,336967,61270,57404,140346,133759,7660,7489,172343,167007,1745217,1658951,426436,412579,120193,114025,196727,188265,18335,17812,1680720,1603843,1092391,1035870,308086,298281,18564,17967,131513,125317,5095,5124,125071,121284,1209057,1148984,364436,353737,55231,53163,175375,167566,12384,12096,635204,602726,492661,468073,41167,38686,42706,39437,8833,8442,2565,2365,47272,45723,536160,509967,62000,58842,64962,60862,21352,20699,5951,5716
R,10,2025,19,4487317,2301578,2185739,1580268,1492827,342091,330369,61934,56741,142706,137027,7707,7294,166872,161481,1735182,1642704,415526,402161,119836,112363,197679,189856,17964,17150,1670678,1591818,1090546,1030054,302054,292455,18184,17618,133777,128885,5174,4968,120943,117838,1203307,1139916,355415,345495,54094,52534,176908,170073,12190,11707,630900,593921,489722,462773,40037,37914,43750,39123,8929,8142,2533,2326,45929,43643,531875,502788,60111,56666,65742,59829,20771,19783,5774,5443
R,10,2025,20,4482764,2299432,2183332,1584644,1493906,336160,324927,62172,57395,147421,143644,7868,7491,161167,155969,1734297,1638499,405655,393422,119287,112384,200489,194596,17637,17036,1671417,1594302,1095659,1033608,296630,287923,18119,17530,139018,135808,5355,5231,116636,114202,1204389,1139863,347122,338529,53744,52235,180522,175872,12002,11829,628015,589030,488985,460298,39530,37004,44053,39865,8403,7836,2513,2260,44531,41767,529908,498636,58533,54893,65543,60149,19967,18724,5635,5207
R,10,2025,21,4497451,2307388,2190063,1594515,1503599,334018,322917,62049,55646,151975,148794,7971,7322,156860,151785,1739848,1644380,400757,388525,118389,110247,203973,198228,17828,16623,1685289,1606774,1107953,1046207,295706,286519,18167,17149,143657,140959,5438,5126,114368,110814,1214289,1149272,344197,334701,53828,51764,184735,179886,12298,11543,622099,583289,486562,457392,38312,36398,43882,38497,8318,7835,2533,2196,42492,40971,525559,495108,56560,53824,64561,58483,19238,18342,5530,5080
R,10,2025,22,4502952,2310351,2192601,1598255,1506078,333140,322780,61925,55621,156647,153216,7925,7243,152459,147663,1739514,1642839,397040,385703,118184,109775,206569,201363,17364,16220,1692051,1612831,1114290,1050890,294754,286687,17867,16780,148672,145474,5466,5097,111002,107903,1217509,1151178,341455,332898,53438,51279,187969,183294,11965,11419,618300,579770,483965,455188,38386,36093,44058,38841,7975,7742,2459,2146,41457,39760,522005,491661,55585,52805,64746,58496,18600,18069,5399,4801
R,10,2025,23,4573723,2335137,2238586,1609491,1533383,343543,337811,61457,56057,167216,161235,7804,7533,145626,142567,1744169,1664775,403746,398686,116047,108708,214836,207332,17044,16498,1716488,1655093,1123084,1074148,304836,300868,17789,17005,159274,153483,5550,5326,105955,104263,1221280,1170537,348833,345642,52331,50551,196690,189776,12046,11620,618649,583493,486407,459235,38707,36943,43668,39052,7942,7752,2254,2207,39671,38304,522889,494238,54913,53044,63716,58157,18146,17556,4998,4878
R,10,2025,24,4798934,2433047,2365887,1670875,1618735,362382,360632,60883,56291,189218,182575,8189,8101,141500,139553,1800794,1747174,421341,420264,113293,106640,235980,228647,17755,17401,1808778,1772650,1179216,1149886,321917,322525,17764,17666,180973,174450,5865,5740,103043,102383,1274023,1244289,364769,366464,51040,49667,217925,211136,12567,12395,624269,593237,491659,468849,40465,38107,43119,38625,8245,8125,2324,2361,38457,37170,526771,502885,56572,53800,62253,56973,18055,17511,5188,5006
R,10,2025,25,4935476,2498997,2436479,1719646,1666628,372095,373498,61687,56258,200658,195854,8693,8438,136218,135803,1844747,1791157,428161,431374,112534,104972,245795,241192,17888,17495,1871603,1840014,1223794,1193957,331924,334824,18105,17489,192283,187527,6405,5971,99092,100246,1314971,1286091,372553,377608,50091,48629,228147,223843,12985,12427,627394,596465,495852,472671,40171,38674,43582,38769,8375,8327,2288,2467,37126,35557,529776,505066,55608,53766,62443,56343,17648,17349,4903,5068
R,10,2025,26,4789244,2426798,2362446,1683734,1626680,351861,353631,58944,53383,194269,191270,8516,8205,129474,129277,1802393,1745225,404731,408660,107725,100254,236967,234009,17456,16759,1822686,1788351,1204962,1170477,313682,316640,17261,16681,186138,183289,6293,5807,94350,95457,1291580,1258206,352173,357304,48137,46770,220117,217507,12635,11842,604112,574095,478772,456203,38179,36991,41683,36702,8131,7981,2223,2398,35124,33820,510813,487019,52558,51356,59588,53484,16850,16502,4821,4917
R,10,2025,27,4684573,2371818,2312755,1647293,1588556,342160,344299,57689,52177,191812,194121,8282,8112,124582,125490,1761346,1703864,392524,397078,105178,98369,232670,235065,16823,16253,1783504,1753879,1181269,1144105,305022,308815,16567,15814,183725,186106,5999,5761,90922,93278,1264550,1230034,341692,348115,46548,45583,216495,219215,12155,11663,588314,558876,466024,444451,37138,35484,41122,36363,8087,8015,2283,2351,33660,32212,496796,473830,50832,48963,58630,52786,16175,15850,4668,4590
R,10,2025,28,4539373,2296216,2243157,1597378,1537459,327067,330121,55539,50353,190434,197309,7790,7562,118008,120353,1705487,1647853,373974,379813,100969,95598,229571,236682,15714,15244,1724964,1701054,1143761,1105808,291356,296293,15597,15001,182788,189616,5663,5473,85799,88863,1222501,1187425,325060,332937,44207,43901,214202,221565,11389,11016,571252,542103,453617,431651,35711,33828,39942,35352,7646,7693,2127,2089,32209,31490,482986,460428,48914,46876,56762,51697,15369,15117,4325,4228
R,10,2025,29,4507412,2276798,2230614,1586606,1527574,319243,326120,56315,50081,191170,201267,7774,7307,115690,118265,1692394,1635798,364439,374374,101591,95200,229267,239980,15824,15106,1710053,1693218,1137622,1100129,283932,292638,15315,14558,183548,193481,5658,5434,83978,86978,1214613,1179861,316260,328209,43559,43099,214370,224803,11476,11078,566745,537396,448984,427445,35311,33482,41000,35523,7622,7786,2116,1873,31712,31287,477781,455937,48179,46165,58032,52101,14897,15177,4348,4028
R,10,2025,30,4545238,2291280,2253958,1599090,1544036,324584,333740,56556,50400,190168,201837,7790,7485,113092,116460,1702280,1650396,368550,381172,101400,95507,227313,239383,15693,15428,1726069,1713730,1151335,1114629,288991,298893,15490,14902,182456,193963,5705,5584,82092,85759,1226255,1193115,320386,333506,43737,43783,212566,224528,11469,11351,565211,540228,447755,429407,35593,34847,41066,35498,7712,7874,2085,1901,31000,30701,476025,457281,48164,47666,57663,51724,14747,14855,4224,4077
R,10,2025,31,4546701,2286364,2260337,1594928,1545051,326576,341264,55217,50442,190951,200745,7655,7464,111037,115371,1695973,1650421,368927,387364,100326,96447,227230,237745,15721,15224,1731358,1726236,1154851,1120965,291841,306985,15319,14727,183367,193098,5646,5452,80334,85009,1227946,1198671,322035,340601,43485,44404,212886,223260,11547,11171,555006,534101,440077,424086,34735,34279,39898,35715,7584,7647,2009,2012,30703,30362,468027,451750,46892,46763,56841,52043,14344,14485,4174,4053
R,10,2025,32,4610939,2316105,2294834,1618233,1567059,332163,351405,56239,51391,194294,203688,7890,7409,107286,113882,1715694,1670873,372552,396610,99958,97993,229743,239750,15801,15074,1763200,1761688,1178986,1144144,297555,316799,15766,15391,186958,196041,5816,5369,78119,83944,1250014,1220823,326345,349505,43436,45763,215826,225458,11626,10981,552905,533146,439247,422915,34608,34606,40473,36000,7336,7647,2074,2040,29167,29938,465680,450050,46207,47105,56522,52230,13917,14292,4175,4093
R,10,2025,33,4675326,2346598,2328728,1645867,1596451,333215,354589,57146,52111,195402,204957,7590,7426,107378,113194,1743617,1699774,372422,397797,102691,99866,230139,240657,15397,15023,1792836,1794703,1205833,1172228,298587,319851,16469,15938,188162,197569,5650,5435,78135,83682,1276978,1248709,326295,351026,45556,47450,216522,226812,11392,10981,553762,534025,440034,424223,34628,34738,40677,36173,7240,7388,1940,1991,29243,29512,466639,451065,46127,46771,57135,52416,13617,13845,4005,4042
R,10,2025,34,4761774,2381191,2380583,1673658,1632180,337985,365794,57254,52055,199069,209712,8043,7557,105182,113285,1768771,1735060,375981,408794,102124,100275,233551,245826,16054,15462,1832449,1850832,1238502,1213361,303324,330038,16747,16383,191679,202103,6027,5652,76170,83295,1307462,1289101,329981,360681,45180,47905,219777,231606,11942,11567,548742,529751,435156,418819,34661,35756,40507,35672,7390,7609,2016,1905,29012,29990,461309,445959,46000,48113,56944,52370,13774,14220,4112,3895
R,10,2025,35,4826258,2412510,2413748,1702592,1660592,339795,367681,57456,52467,201598,213044,7803,7767,103266,112197,1796241,1762929,376057,408896,102226,102206,235713,247898,15581,15351,1865082,1884955,1267517,1241942,305475,332232,16911,16610,194305,205743,5794,5772,75080,82656,1335670,1317448,330527,361391,45579,49595,222351,234271,11589,11421,547428,528793,435075,418650,34320,35449,40545,35857,7293,7301,2009,1995,28186,29541,460571,445481,45530,47505,56647,52611,13362,13627,3992,3930
R,10,2025,36,4696078,2345554,2350524,1657609,1616404,328108,356978,54479,50997,198772,212324,7626,7194,98960,106627,1747460,1713119,362212,395623,98371,98884,230952,245733,14909,14594,1828104,1846555,1246223,1216453,295831,323605,16245,16435,191913,205467,5694,5372,72198,79223,1311699,1288261,319395,350991,44564,48656,218564,233186,11256,11027,517450,503969,411386,399951,32277,33373,38234,34562,6859,6857,1932,1822,26762,27404,435761,424858,42817,44632,53807,50228,12388,12547,3653,3567
R,10,2025,37,4628223,2301706,2326517,1637698,1610959,313783,346026,54339,50375,193540,208319,7342,7295,95004,103543,1723796,1705055,345709,382943,96652,97770,224692,240443,14452,14340,1792352,1827655,1231878,1214720,282754,313416,16201,15877,186769,201548,5434,5367,69316,76727,1294677,1284544,304875,339354,43399,47768,212626,228043,10800,10712,509354,498862,405820,396239,31029,32610,38138,34498,6771,6771,1908,1928,25688,26816,429119,420511,40834,43589,53253,50002,12066,12400,3652,3628
R,10,2025,38,4527225,2254097,2273128,1614006,1581404,302625,333195,52561,48539,186894,202557,7292,7033,90719,100400,1696068,1672693,332730,368574,94186,95240,216229,233598,14245,13826,1758813,1787850,1218505,1195226,272543,301924,15373,15306,180453,195944,5413,5169,66526,74281,1278531,1262784,293486,326763,42439,46720,204902,221686,10783,10297,495284,485278,395501,386178,30082,31271,37188,33233,6441,6613,1879,1864,24193,26119,417537,409909,39244,41811,51747,48520,11327,11912,3462,3529
R,10,2025,39,4543106,2261206,2281900,1627866,1597610,299582,330039,52302,49285,185027,200509,7201,6926,89228,97531,1708698,1686032,328538,363403,93447,96356,214230,229971,14154,13568,1766504,1798900,1232012,1212470,269737,299338,15361,15455,178556,194027,5409,5129,65429,72481,1291304,1278174,289495,322825,42300,47547,202790,218498,10668,10185,494702,483000,395854,385140,29845,30701,36941,33830,6471,6482,1792,1797,23799,25050,417394,407858,39043,40578,51147,48809,11440,11473,3486,3383
R,10,2025,40,4545594,2261326,2284268,1633708,1603201,296408,328217,52554,49002,183485,200429,7016,6940,88155,96479,1713506,1690908,324368,360258,94833,96432,211529,229357,13680,13619,1770453,1804618,1240962,1219831,267757,298622,14900,15519,177220,193962,5268,5267,64346,71417,1299141,1284779,286786,320735,42621,47929,200611,217923,10342,10372,490873,479650,392746,383370,28651,29595,37654,33483,6265,6467,1748,1673,23809,25062,414365,406129,37582,39523,52212,48503,10918,11434,3338,3247
R,10,2025,41,4433173,2199800,2233373,1591990,1570794,284864,318416,51142,48135,181065,197067,6785,6706,83954,92255,1667882,1654258,310730,348735,91976,94519,207824,224595,13397,13248,1725638,1763413,1212167,1193999,257442,290033,14732,15143,174939,190936,5072,5017,61286,68285,1267474,1255798,275072,310970,41539,46867,197147,213695,10156,10004,474162,469960,379823,376795,27422,28383,36410,32992,6126,6131,1713,1689,22668,23970,400408,398460,35658,37765,50437,47652,10677,10900,3241,3244
R,10,2025,42,4417296,2187448,2229848,1588031,1570778,283154,317220,51316,48398,176091,195157,6678,6709,82178,91586,1662213,1653536,308511,346683,92170,95795,201585,221759,13041,13153,1717327,1760192,1211108,1193732,255903,289140,14815,15152,170245,189204,5011,5005,60245,67959,1265392,1255087,273230,309623,41947,47886,191419,211199,9880,9949,470121,469656,376923,377046,27251,28080,36501,33246,5846,5953,1667,1704,21933,23627,396821,398449,35281,37060,50223,47909,10166,10560,3161,3204
R,10,2025,43,4427174,2186156,2241018,1592092,1582396,282663,318617,50936,48488,172882,193987,6489,6690,81094,90840,1665395,1664497,307581,347877,91882,96160,197523,219773,12810,13041,1716674,1766787,1214940,1200862,255742,290330,14827,15092,167034,187937,4792,4964,59339,67602,1268465,1261986,272829,310706,42076,48267,187416,209188,9683,9817,469482,474231,377152,381534,26921,28287,36109,33396,5848,6050,1697,1726,21755,23238,396930,402511,34752,37171,49806,47893,10107,10585,3127,3224
R,10,2025,44,4350366,2145926,2204440,1569562,1563136,277545,312891,49763,47770,163905,186052,6367,6298,78784,88293,1640486,1642929,301348,341250,90402,94760,187349,210702,12463,12450,1690179,1740229,1203238,1189699,251719,285479,14337,14846,158303,180130,4706,4635,57876,65440,1255241,1248891,268084,305184,41618,47398,177756,200443,9380,9248,455747,464211,366324,373437,25826,27412,35426,32924,5602,5922,1661,1663,20908,22853,385245,394038,33264,36066,48784,47362,9593,10259,3083,3202
R,10,2025,45,4387462,2166919,2220543,1583355,1571391,286163,321938,50781,48071,161379,184120,6629,6594,78612,88429,1654147,1651234,310057,350203,91801,95868,184372,208234,12693,12796,1700901,1751052,1207511,1193062,260447,294301,14768,14997,155647,178216,4902,4858,57626,65618,1259265,1252219,276784,313985,42397,48305,174683,198120,9619,9609,466018,469491,375844,378329,25716,27637,36013,33074,5732,5904,1727,1736,20986,22811,394882,399015,33273,36218,49404,47563,9689,10114,3074,3187
R,10,2025,46,4183458,2060270,2123188,1508347,1504463,271039,306442,47607,45732,153519,177398,6079,6146,73679,83007,1574818,1579240,293034,333135,86529,90563,174789,200100,11631,11788,1624728,1678693,1156716,1145940,247252,280416,13867,14287,148302,171938,4536,4505,54055,61607,1205431,1201451,262263,298679,40143,45737,165947,190633,8805,8803,435542,444495,351631,358523,23787,26026,33740,31445,5217,5460,1543,1641,19624,21400,369387,377789,30771,34456,46386,44826,8842,9467,2826,2985
R,10,2025,47,4050549,1992313,2058236,1463193,1462788,259134,293391,45789,44772,147718,171697,5833,5817,70646,79771,1526888,1534791,280083,318363,83768,88394,167822,193335,10902,11199,1568222,1623759,1119528,1111756,236381,268408,13222,13795,142702,166267,4377,4237,52012,59296,1166345,1165212,250727,285745,39084,44395,159410,184133,8269,8373,424091,434477,343665,351032,22753,24983,32567,30977,5016,5430,1456,1580,18634,20475,360543,369579,29356,32618,44684,43999,8412,9202,2633,2826
R,10,2025,48,4014388,1969679,2044709,1452630,1457784,253162,289704,45213,44139,144305,169064,5574,5838,68795,78180,1514669,1528196,273358,313942,82727,87635,163736,190251,10648,11105,1552896,1613553,1113309,1107246,231647,265486,13559,14196,139378,163842,4158,4299,50845,58484,1159053,1159868,245341,282409,39290,45001,155620,181377,8057,8338,416783,431156,339321,350538,21515,24218,31654,29943,4927,5222,1416,1539,17950,19696,355616,368328,28017,31533,43437,42634,8116,8874,2591,2767
R,10,2025,49,3860095,1893041,1967054,1391525,1402317,241631,275646,43526,42138,144581,167795,5371,5497,66407,73661,1451278,1468573,260361,298360,80197,83431,163236,187577,10403,10402,1489250,1546463,1062583,1058846,220615,252893,13025,13280,139947,162629,4058,4083,49022,54732,1106561,1107957,233386,268590,38045,42160,155620,179068,7978,7903,403791,420591,328942,343471,21016,22753,30501,28858,4634,5166,1313,1414,17385,18929,344717,360616,26975,29770,42152,41271,7616,8509,2425,2499
R,10,2025,50,3877848,1902064,1975784,1403209,1411452,241813,275867,42381,41848,146259,169050,5139,5306,63263,72261,1460144,1476468,259764,297560,77642,82708,163692,188403,9596,10073,1505764,1562108,1078602,1072391,221590,253761,12827,13563,141654,164114,3897,3932,47194,54347,1120984,1121261,234039,268900,37469,42693,156178,180192,7351,7594,396300,413676,324607,339061,20223,22106,29554,28285,4605,4936,1242,1374,16069,17914,339160,355207,25725,28660,40173,40015,7514,8211,2245,2479
R,10,2025,51,3820771,1872209,1948562,1382106,1395743,237042,269734,41298,40667,144897,167345,4942,5172,61924,69901,1437809,1458738,254294,290341,76362,80693,161800,185920,9363,9592,1488595,1545482,1067294,1064293,217861,248821,12783,13303,140528,162556,3747,3830,46382,52679,1108922,1111628,229969,263341,37343,41965,154714,178091,7148,7248,383614,403080,314812,331450,19181,20913,28515,27364,4369,4789,1195,1342,15542,17222,328887,347110,24325,27000,39019,38728,7086,7829,2215,2344
R,10,2025,52,3821068,1866498,1954570,1378805,1399321,238172,272930,40144,40115,144133,168141,4891,5123,60353,68940,1433098,1461162,254739,293203,74271,79641,160769,186487,9154,9606,1494680,1561113,1072848,1075077,219888,252507,12689,13539,139957,163569,3682,3787,45616,52634,1113692,1122225,231499,266816,36975,42401,153972,179004,7064,7274,371818,393457,305957,324244,18284,20423,27455,26576,4176,4572,1209,1336,14737,16306,319406,338937,23240,26387,37296,37240,6797,7483,2090,2332
R,10,2025,53,3951634,1928416,2023218,1431780,1457236,245071,281356,40714,39885,144870,169919,4888,5008,61093,69814,1486677,1520063,261512,301451,76234,80617,161041,187888,9198,9553,1559568,1631220,1127796,1133553,227287,261141,13282,13698,140670,165289,3711,3728,46822,53811,1169727,1181838,239027,275660,39103,43688,154386,180546,7124,7321,368848,391998,303984,323683,17784,20215,27432,26187,4200,4630,1177,1280,14271,16003,316950,338225,22485,25791,37131,36929,6655,7342,2074,2232
R,10,2025,54,4169101,2035341,2133760,1532560,1559119,253724,293092,39728,40405,140795,164289,5004,4987,63530,71868,1589762,1623983,270526,313347,77413,83430,157055,181876,9478,9570,1669824,1744890,1230478,1237691,236074,273290,13648,14367,136586,159747,3795,3789,49243,56006,1274780,1288107,248093,287989,41524,46910,150455,174613,7391,7425,365517,388870,302082,321428,17650,19802,26080,26038,4209,4542,1209,1198,14287,15862,314982,335876,22433,25358,35889,36520,6600,7263,2087,2145
R,10,2025,55,4239403,2070832,2168571,1567816,1595609,255966,292146,39737,39353,139821,164341,4863,5055,62629,72067,1624292,1660439,272414,312449,77392,82960,155185,181764,9266,9736,1708653,1788785,1268034,1281385,238343,272760,13715,14481,135793,159953,3722,3887,49046,56319,1312159,1331889,250432,287682,42025,47529,148897,174623,7283,7678,362179,379786,299782,314224,17623,19386,26022,24872,4028,4388,1141,1168,13583,15748,312133,328550,21982,24767,35367,35431,6288,7141,1983,2058
R,10,2025,56,4064304,1979733,2084571,1508930,1543375,238068,274477,37037,37806,132580,156683,4619,4913,58499,67317,1561818,1604099,253052,292848,72577,79323,146958,172507,8724,9253,1635826,1721841,1223171,1242478,221697,256480,12990,13966,128827,152547,3582,3776,45559,52594,1264266,1289849,232461,269738,39701,45651,141045,165821,6889,7220,343907,362730,285759,300897,16371,17997,24047,23840,3753,4136,1037,1137,12940,14723,297552,314250,20591,23110,32876,33672,5913,6686,1835,2033
R,10,2025,57,3945562,1918692,2026870,1460143,1497839,234097,272031,36530,36257,128534,152777,4323,4715,55065,63251,1509782,1554695,248270,289511,70262,75402,141686,167346,8202,8835,1586837,1677991,1184268,1207753,218427,254536,12864,13780,125009,148876,3345,3611,42924,49435,1222865,1252072,228659,267183,38341,43753,136159,161177,6483,6933,331855,348879,275875,290086,15670,17495,23666,22477,3525,3901,978,1104,12141,13816,286917,302623,19611,22328,31921,31649,5527,6169,1719,1902
R,10,2025,58,3918910,1899455,2019455,1458436,1506453,231234,271660,34707,35159,117689,139809,4458,4602,52931,61772,1506266,1562111,244553,288817,67851,74075,129794,153223,8061,8612,1580791,1682140,1192524,1225229,216436,254617,12836,13883,114265,136125,3469,3573,41261,48713,1229709,1269023,226034,267195,37911,44042,124519,147337,6419,6802,318664,337315,265912,281224,14798,17043,21871,21276,3424,3684,989,1029,11670,13059,276557,293088,18519,21622,29940,30033,5275,5886,1642,1810
R,10,2025,59,3951171,1911570,2039601,1467521,1522703,236606,278082,34250,35052,116396,137873,4412,4741,52385,61150,1514449,1577661,250096,294874,67284,73942,128209,150997,8166,8697,1598267,1708084,1205698,1245978,221782,261675,12996,14144,113108,134294,3427,3688,41256,48305,1242555,1289343,231512,273993,38466,44398,123083,145284,6494,6848,313303,331517,261823,276725,14824,16407,21254,20908,3288,3579,985,1053,11129,12845,271894,288318,18584,20881,28818,29544,5126,5713,1672,1849
R,10,2025,60,4115687,1985673,2130014,1533972,1600246,242541,287453,34582,35459,116909,139335,4359,4725,53310,62796,1581968,1656642,255974,304634,68517,75576,128636,152564,8078,8770,1675394,1800777,1274163,1324995,228041,271029,13780,14984,113670,135814,3408,3711,42332,50244,1312157,1370035,237977,283858,40072,46630,123656,147003,6467,7020,310279,329237,259809,275251,14500,16424,20802,20475,3239,3521,951,1014,10978,12552,269811,286607,17997,20776,28445,28946,4980,5561,1611,1750
R,10,2025,61,4228517,2032522,2195995,1583189,1666192,241818,288083,34048,34820,116342,139744,4073,4551,53052,62605,1630936,1722528,254571,304374,68654,76057,127672,152600,7712,8448,1737012,1876306,1335298,1397748,228155,272167,13921,15477,113401,136491,3210,3569,43027,50854,1373933,1443434,237749,284456,41578,48716,123111,147442,6206,6822,295510,319689,247891,268444,13663,15916,20127,19343,2941,3253,863,982,10025,11751,257003,279094,16822,19918,27076,27341,4561,5158,1506,1626
R,10,2025,62,4228954,2028348,2200606,1583720,1676724,236740,283042,32958,33588,118632,140632,3940,4460,52358,62160,1630881,1732699,249370,299334,67383,74372,129640,153113,7408,8340,1745032,1892169,1345994,1417410,223667,268003,14113,15233,115702,137394,3150,3524,42406,50605,1384098,1462875,233135,280503,41578,48169,125185,148013,6037,6714,283316,308437,237726,259314,13073,15039,18845,18355,2930,3238,790,936,9952,11555,246783,269824,16235,18831,25805,26203,4455,5100,1371,1626
R,10,2025,63,4196900,2007854,2189046,1581086,1683385,230344,278093,31285,32764,110286,130088,4084,4462,50769,60254,1626969,1737640,242201,293648,64725,72890,121015,142071,7489,8156,1738285,1894610,1353948,1435327,218227,264259,13649,15015,107589,127003,3268,3570,41604,49436,1391452,1479751,227208,276169,40661,47695,116913,137277,6158,6601,269569,294436,227138,248058,12117,13834,17636,17749,2697,3085,816,892,9165,10818,235517,257889,14993,17479,24064,25195,4102,4794,1331,1555
R,10,2025,64,4190506,1997468,2193038,1588541,1700117,224709,274197,29808,32092,101048,123091,3799,4128,49563,59413,1633257,1753590,236407,289400,62759,71993,111399,134609,7028,7834,1743642,1912497,1374555,1463739,213188,261016,13515,15328,98601,120228,3068,3279,40715,48907,1411171,1507686,222122,272719,40259,47986,107590,130099,5799,6315,253826,280541,213986,236378,11521,13181,16293,16764,2447,2863,731,849,8848,10506,222086,245904,14285,16681,22500,24007,3809,4510,1229,1519
R,10,2025,65,4186595,1989963,2196632,1577635,1699681,225627,275149,29433,31847,104624,128322,3748,4131,48896,57502,1621780,1751339,237260,290048,61922,70198,114632,139599,6882,7625,1740646,1919013,1367235,1465317,214463,262277,13286,15191,102221,125448,3042,3339,40399,47441,1403627,1507840,223389,273810,39815,46625,110949,135166,5639,6247,249317,277619,210400,234364,11164,12872,16147,16656,2403,2874,706,792,8497,10061,218153,243499,13871,16238,22107,23573,3683,4433,1243,1378
R,10,2025,66,4066606,1924462,2142144,1535983,1666689,214176,265688,27603,29757,97429,121021,3445,3829,45826,55160,1577266,1716396,224663,279631,58247,67043,107043,131574,6388,7064,1696937,1885696,1343807,1450274,203993,253711,12888,14425,95221,118396,2827,3143,38201,45747,1378157,1491372,212180,264643,38057,45152,103704,127521,5313,5813,227525,256448,192176,216415,10183,11977,14715,15332,2208,2625,618,686,7625,9413,199109,225024,12483,14988,20190,21891,3339,4053,1075,1251
R,10,2025,67,3987397,1879447,2107950,1504360,1644781,205222,256826,25416,28283,97751,121882,3292,3622,43406,52556,1543394,1691998,215302,270340,54647,63809,106599,131917,6001,6664,1667043,1864764,1325050,1438988,195426,245600,12073,14052,95702,119387,2688,2982,36104,43755,1357424,1478209,203250,256215,36145,43460,103456,128068,4983,5503,212404,243186,179310,205793,9796,11226,13343,14231,2049,2495,604,640,7302,8801,185970,213789,12052,14125,18502,20349,3143,3849,1018,1161
R,10,2025,68,3948443,1852088,2096355,1487707,1643641,198996,252410,24970,27063,95118,119052,3080,3470,42217,50719,1525766,1689314,208728,265220,53453,61958,103658,128274,5738,6371,1647938,1860143,1314704,1442842,189975,241626,11977,13650,93250,116805,2577,2809,35455,42411,1346572,1480942,197681,251748,35638,42749,100828,124769,4847,5236,204150,236212,173003,200799,9021,10784,12993,13413,1868,2247,503,661,6762,8308,179194,208372,11047,13472,17815,19209,2830,3505,891,1135
R,10,2025,69,3802114,1776668,2025446,1432209,1589230,187616,241826,23126,25710,91277,117106,2929,3311,39511,48263,1467894,1632652,196679,254051,49810,58741,99171,126119,5446,6134,1586168,1802298,1270630,1399618,179136,231528,11240,13094,89457,114825,2418,2756,33287,40477,1300648,1435944,186268,241207,33515,40666,96413,122674,4528,5163,190500,223148,161579,189612,8480,10298,11886,12616,1820,2281,511,555,6224,7786,167246,196708,10411,12844,16295,18075,2758,3445,918,971
R,10,2025,70,3681536,1715169,1966367,1387519,1550615,176578,229068,21939,24245,89247,114329,2789,3221,37097,44889,1420879,1590805,185109,240587,47086,54810,96627,122812,5200,5936,1534072,1752788,1233812,1368661,168521,219332,10682,12307,87528,112263,2326,2637,31203,37588,1261814,1402174,175217,228397,31624,37764,94076,119708,4390,4959,181097,213579,153707,181954,8057,9736,11257,11938,1719,2066,463,584,5894,7301,159065,188631,9892,12190,15462,17046,2551,3104,810,977
R,10,2025,71,3543388,1640858,1902530,1336060,1508852,164695,217659,19975,22795,83865,107772,2547,3041,33716,42411,1366438,1546802,172595,228434,42819,51902,90492,115556,4652,5609,1475394,1703234,1195117,1338715,157318,208749,10019,11797,82361,105780,2111,2496,28468,35697,1220690,1370546,163573,217249,29141,36229,88230,112580,3937,4701,165464,199296,140943,170137,7377,8910,9956,10998,1504,1992,436,545,5248,6714,145748,176256,9022,11185,13678,15673,2262,2976,715,908
R,10,2025,72,3366463,1551108,1815355,1271182,1450048,150349,202273,18288,20656,77617,100107,2334,2681,31338,39590,1299385,1485627,157579,212354,39757,47695,83725,107395,4328,5100,1400002,1629851,1142164,1291007,143650,194023,9311,11011,76282,98421,1963,2235,26632,33154,1166105,1320672,149372,202003,27390,33575,81756,104786,3686,4320,151106,185504,129018,159041,6699,8250,8977,9645,1335,1686,371,446,4706,6436,133280,164955,8207,10351,12367,14120,1969,2609,642,780
R,10,2025,73,3235535,1485771,1749764,1224701,1403533,139252,191016,16591,19391,74174,96593,2208,2590,28845,36641,1250701,1436438,146004,200417,36316,44706,79676,103024,4060,4826,1346313,1576771,1105117,1254747,133158,183480,8682,10430,72911,95023,1869,2148,24576,30943,1127180,1282437,138594,190960,25364,31762,77829,100657,3458,4056,139458,172993,119584,148786,6094,7536,7909,8961,1263,1570,339,442,4269,5698,123521,154001,7410,9457,10952,12944,1847,2367,602,770
R,10,2025,74,3055249,1395583,1659666,1155082,1333673,129636,182489,15324,18084,66687,88755,1946,2382,26908,34283,1179239,1364453,135858,191361,34035,42015,71652,94484,3664,4417,1264726,1496515,1042339,1193248,124040,175436,8100,9727,65581,87303,1663,1963,23003,28838,1062901,1219026,129090,182477,24000,29915,70002,92279,3154,3731,130857,163151,112743,140425,5596,7053,7224,8357,1106,1452,283,419,3905,5445,116338,145427,6768,8884,10035,12100,1650,2205,510,686
R,10,2025,75,2895786,1315142,1580644,1083819,1266283,122274,172916,14462,16954,67469,90287,1849,2146,25269,32058,1106550,1294951,128271,181422,31807,38996,72213,95949,3472,4116,1192940,1423785,978779,1130900,116995,166042,7646,9124,66406,88874,1563,1814,21551,27031,998088,1154980,121809,172802,22338,27718,70634,93773,3005,3491,122202,156859,105040,135383,5279,6874,6816,7830,1063,1413,286,332,3718,5027,108462,139971,6462,8620,9469,11278,1579,2176,467,625
R,10,2025,76,2772743,1252965,1519778,1042237,1228954,110006,159180,13310,15429,62521,84022,1731,2044,23160,30149,1063105,1255918,115246,167058,29370,36344,66815,89101,3296,3923,1141386,1376109,945826,1104370,105425,153053,7206,8499,61501,82742,1465,1726,19963,25719,963753,1127284,109641,159454,21036,26365,65342,87216,2849,3362,111579,143669,96411,124584,4581,6127,6104,6930,1020,1280,266,318,3197,4430,99352,128634,5605,7604,8334,9979,1473,1885,447,561
R,10,2025,77,2667121,1200276,1466845,1006092,1195619,101013,148416,12044,14484,58013,77775,1550,1957,21564,28594,1025480,1221259,106058,155777,26978,34441,61925,82552,2963,3699,1097159,1332212,916745,1079000,96778,142770,6736,8069,57125,76545,1301,1661,18474,24167,933307,1100590,100894,148657,19436,24894,60619,80714,2558,3180,103117,134633,89347,116619,4235,5646,5308,6415,888,1230,249,296,3090,4427,92173,120669,5164,7120,7542,9547,1306,1838,405,519
R,10,2025,78,2734636,1228473,1506163,1047780,1254090,92851,137066,11688,13672,53078,71292,1456,1710,21620,28333,1067384,1279691,97572,144320,27074,33714,56759,75716,2801,3346,1132071,1378316,963886,1142745,89138,131784,6649,7783,52283,70162,1242,1448,18873,24394,980990,1164743,93040,137689,20037,25067,55583,74057,2457,2904,96402,127847,83894,111345,3713,5282,5039,5889,795,1130,214,262,2747,3939,86394,114948,4532,6631,7037,8647,1176,1659,344,442
R,10,2025,79,2079179,924033,1155146,780602,950421,70962,108591,9023,11323,45611,61320,1250,1476,16585,22015,795630,970179,74722,114277,20450,26373,48593,65149,2417,2953,842682,1043837,709720,853634,67699,103790,4989,6266,44917,60313,1077,1249,14280,18585,722645,870234,70722,108348,14817,18990,47575,63653,2116,2546,81351,111309,70882,96787,3263,4801,4034,5057,694,1007,173,227,2305,3430,72985,99945,4000,5929,5633,7383,1018,1496,301,407
R,10,2025,80,1837918,807605,1030313,680697,845668,63675,99578,7878,10333,40384,54349,1074,1365,13897,19020,693223,862648,66955,104684,17300,23292,43017,57587,2122,2651,734300,928873,616588,757124,60842,95403,4365,5663,39773,53459,905,1135,11827,16089,627207,771415,63449,99502,12344,16613,42079,56313,1832,2248,73305,101440,64109,88544,2833,4175,3513,4670,611,890,169,230,2070,2931,66016,91233,3506,5182,4956,6679,938,1274,290,403
R,10,2025,81,1729502,751444,978058,636547,808431,56703,91252,7203,9296,37001,49907,907,1240,13083,17932,648306,824400,59851,96235,16166,21529,39376,52875,1846,2494,686951,885518,580068,727452,54132,87538,4101,5123,36536,49090,785,1028,11329,15287,590229,741002,56695,91603,11856,15581,38669,51684,1616,2140,64493,92540,56479,80979,2571,3714,3102,4173,465,817,122,212,1754,2645,58077,83398,3156,4632,4310,5948,707,1191,230,354
R,10,2025,82,1723074,741126,981948,635920,823638,52750,87232,6522,8866,32965,43930,820,1079,12149,17203,646915,839026,55643,91862,14902,20753,35066,46684,1727,2254,681546,894470,583528,747129,50472,83675,3827,4881,32473,43242,705,902,10541,14641,593050,760182,52837,87382,11110,15052,34335,45612,1503,1948,59580,87478,52392,76509,2278,3557,2695,3985,492,688,115,177,1608,2562,53865,78844,2806,4480,3792,5701,731,1072,224,306
R,10,2025,83,1455610,617437,838173,524788,696842,45229,76238,5633,7736,30540,41884,704,995,10543,14478,534258,709801,47695,80201,12874,17707,32476,44247,1454,1929,565677,761201,479314,629188,43220,73221,3275,4316,30157,41266,596,827,9115,12383,487487,640205,45234,76443,9510,12873,31895,43356,1253,1657,51760,76972,45474,67654,2009,3017,2358,3420,383,618,108,168,1428,2095,46771,69596,2461,3758,3364,4834,581,891,201,272
R,10,2025,84,1259488,525975,733513,446329,608626,38416,67416,4966,6818,26667,36773,638,850,8959,13030,454429,620254,40550,70969,11081,15836,28331,38945,1255,1686,480464,664843,406233,548219,36661,64780,2971,3845,26336,36214,551,706,7712,11079,413195,558075,38377,67642,8240,11530,27810,38083,1082,1436,45511,68670,40096,60407,1755,2636,1995,2973,331,559,87,144,1247,1951,41234,62179,2173,3327,2841,4306,521,862,173,250
R,10,2025,85,1110380,455094,655286,383560,541193,34009,61475,4383,6239,24741,34208,569,780,7832,11391,390547,551321,35967,64733,9661,13896,26255,36094,1126,1580,414017,590948,347337,484549,32424,58892,2563,3497,24412,33698,481,631,6800,9681,353393,493096,34030,61540,7110,10019,25779,35373,977,1340,41077,64338,36223,56644,1585,2583,1820,2742,329,510,88,149,1032,1710,37154,58225,1937,3193,2551,3877,476,721,149,240
R,10,2025,86,973361,393797,579564,333014,480745,28647,52980,3729,5476,21381,29554,402,689,6624,10120,338966,489708,30301,55784,8142,12309,22637,31279,884,1418,358226,522811,301658,430639,27240,50709,2162,3104,21132,29112,316,577,5718,8670,306776,438276,28577,52978,5961,8975,22269,30627,756,1221,35571,56753,31356,50106,1407,2271,1567,2372,249,442,86,112,906,1450,32190,51432,1724,2806,2181,3334,368,652,128,197
R,10,2025,87,873642,348068,525574,294936,437180,24548,46936,3274,5021,18847,26880,434,603,6029,8954,300349,445166,26008,49492,7290,10964,20054,28425,874,1200,317180,474905,267589,392409,23393,44915,1972,2946,18586,26503,367,481,5273,7651,272318,399192,24588,47017,5498,8041,19670,27855,753,1012,30888,50669,27347,44771,1155,2021,1302,2075,261,377,67,122,756,1303,28031,45974,1420,2475,1792,2923,384,570,121,188
R,10,2025,88,748107,292644,455463,247634,378244,20557,40685,2700,4276,16258,23810,327,530,5168,7918,252308,385206,21878,43006,6156,9421,17241,25273,695,1128,266221,410965,224104,338929,19593,38932,1630,2427,16074,23438,281,432,4539,6807,228201,344867,20679,40881,4666,6848,16968,24734,613,966,26423,44498,23530,39315,964,1753,1070,1849,184,372,46,98,629,1111,24107,40339,1199,2125,1490,2573,273,539,82,162
R,10,2025,89,645366,248186,397180,209536,329973,17570,35716,2319,3702,13996,20619,257,440,4508,6730,213583,335904,18743,37730,5194,8087,14917,21851,605,929,225674,358471,189553,295718,16715,34219,1410,2123,13836,20306,214,372,3946,5733,193080,300734,17703,35881,3901,5844,14669,21401,532,802,22512,38709,19983,34255,855,1497,909,1579,160,313,43,68,562,997,20503,35170,1040,1849,1293,2243,248,450,73,127
R,10,2025,90,563790,212276,351514,179891,291944,14720,31333,2006,3330,11751,18390,230,377,3678,6140,183169,297348,15680,33059,4322,7319,12535,19559,533,831,192923,317237,162658,261566,14015,30023,1221,1930,11613,18094,197,309,3219,5315,165514,266228,14814,31442,3235,5415,12328,19126,473,710,19353,34277,17233,30378,705,1310,785,1400,138,296,33,68,459,825,17655,31120,866,1617,1087,1904,207,433,60,121
R,10,2025,91,462488,171325,291163,145053,241822,11815,25911,1604,2724,9577,15408,228,327,3048,4971,147796,246209,12609,27354,3497,5934,10240,16377,453,696,155681,263086,131072,216881,11255,24828,999,1602,9467,15178,191,279,2697,4318,133490,220671,11924,26022,2668,4386,10073,16054,390,616,15644,28077,13981,24941,560,1083,605,1122,110,230,37,48,351,653,14306,25538,685,1332,829,1548,167,323,63,80
R,10,2025,92,381716,137635,244081,116447,202419,9331,21365,1294,2263,7919,13474,161,286,2483,4274,118662,206128,9938,22590,2852,5011,8491,14321,360,653,125341,220969,105478,181842,8888,20445,815,1407,7835,13293,136,242,2189,3740,107422,185079,9400,21468,2172,3809,8364,14059,317,575,12294,23112,10969,20577,443,920,479,856,84,181,25,44,294,534,11240,21049,538,1122,680,1202,127,262,43,78
R,10,2025,93,324113,113938,210175,96512,174832,7541,17851,1031,1959,6552,11516,127,266,2175,3751,98452,178092,8136,18991,2371,4340,7033,12257,321,579,103836,190358,87476,157160,7202,17110,641,1206,6467,11357,108,226,1942,3299,89207,160019,7725,18092,1823,3295,6907,12026,284,510,10102,19817,9036,17672,339,741,390,753,85,159,19,40,233,452,9245,18073,411,899,548,1045,126,231,37,69
R,10,2025,94,264200,91261,172939,77632,144814,5748,14111,871,1592,5187,9266,100,191,1723,2965,79171,147362,6230,15012,1878,3477,5606,9863,246,447,83037,156978,70305,130589,5469,13507,520,962,5129,9144,88,161,1526,2615,71672,132816,5889,14274,1404,2635,5499,9680,213,391,8224,15961,7327,14225,279,604,351,630,58,122,12,30,197,350,7499,14546,341,738,474,842,107,183,33,56
R,10,2025,95,219890,73425,146465,62245,121817,4721,12103,678,1265,4376,8456,85,171,1320,2653,63420,124113,5084,12858,1489,2951,4668,9002,213,420,66881,132843,56360,109646,4510,11590,451,788,4327,8344,71,150,1162,2325,57388,111636,4810,12230,1160,2265,4599,8841,189,374,6544,13622,5885,12171,211,513,227,477,49,112,14,21,158,328,6032,12477,274,628,329,686,69,161,24,46
R,10,2025,96,165587,53387,112200,45182,93542,3265,9092,526,951,3272,6412,60,140,1082,2063,46129,95308,3580,9761,1193,2197,3524,6845,166,338,48579,102101,40915,84535,3093,8699,334,609,3231,6320,51,122,955,1816,41751,86079,3355,9275,916,1693,3463,6713,147,301,4808,10099,4267,9007,172,393,192,342,41,92,9,18,127,247,4378,9229,225,486,277,504,61,132,19,37
R,10,2025,97,125934,39252,86682,33042,71909,2512,7104,411,786,2420,5129,44,95,823,1659,33759,73319,2746,7625,916,1815,2614,5492,119,258,35727,79057,29898,65166,2387,6782,262,512,2404,5058,37,82,739,1457,30544,66389,2587,7231,716,1413,2588,5385,103,229,3525,7625,3144,6743,125,322,149,274,16,71,7,13,84,202,3215,6930,159,394,200,402,26,107,16,29
R,10,2025,98,93381,28247,65134,23618,53842,1829,5321,261,599,1856,4029,39,81,644,1262,24179,54908,2036,5706,613,1397,2011,4286,98,206,25802,59566,21424,48877,1757,5088,176,409,1838,3983,34,70,573,1139,21924,49837,1933,5430,489,1127,1981,4221,84,183,2445,5568,2194,4965,72,233,85,190,18,46,5,11,71,123,2255,5071,103,276,124,270,30,65,14,23
R,10,2025,99,68148,19967,48181,16547,39744,1371,3960,213,444,1327,3012,25,69,484,952,16962,40551,1510,4288,485,1025,1458,3202,85,163,18269,44253,15033,36246,1323,3799,141,314,1315,2975,20,60,437,859,15405,36971,1439,4084,387,831,1440,3150,75,148,1698,3928,1514,3498,48,161,72,130,12,37,5,9,47,93,1557,3580,71,204,98,194,18,52,10,15
R,10,2025,100,126492,34118,92374,26903,73444,2620,8410,493,1077,3030,6960,74,158,998,2325,27730,75315,2965,9263,1035,2385,3317,7513,215,456,31054,84919,24243,66867,2503,8076,363,808,2992,6902,61,138,892,2128,24982,68574,2808,8839,836,2004,3255,7402,185,400,3064,7455,2660,6577,117,334,130,269,38,58,13,20,106,197,2748,6741,157,424,199,381,62,111,30,56
R,11,2025,999,342167068,167901184,174265884,122135817,125155897,22118464,24220395,3582291,3483548,11385911,12409295,478591,480081,8200110,8516668,129676963,132973295,25328356,27596770,6925225,7071828,13970007,14994440,1015464,1015531,132798629,138941843,94434971,97172416,19949250,22012950,1160979,1198558,10908600,11923643,352226,352292,5992603,6281984,99951804,102944105,22223593,24432054,3393184,3655668,12949382,13965857,738152,737257,35102555,35324041,27700846,27983481,2169214,2207445,2421312,2284990,477311,485652,126365,127789,2207507,2234684,29725159,30029190,3104763,3164716,3532041,3416160,1020625,1028583,277312,278274
R,11,2025,0,3617114,1850091,1767023,1206447,1150654,292914,283605,46664,44530,113274,106152,6869,6650,183923,175432,1378715,1314698,382315,369586,98094,93672,177956,167424,17471,16729,1308130,1247263,818730,778327,246287,238779,11664,11349,102700,95941,4641,4448,124108,118419,935609,889715,306270,296754,40382,38627,149615,140368,11176,10510,541961,519760,387717,372327,46627,44826,35000,33181,10574,10211,2228,2202,59815,57013,443106,424983,76045,72832,57712,55045,28341,27056,6295,6219
R,11,2025,1,3645399,1864107,1781292,1212529,1156907,295096,285685,47599,45443,117322,110293,6951,6818,184610,176146,1385409,1321595,384744,371903,99155,94715,182393,171987,17594,16927,1314290,1253861,819037,778831,247847,240372,11658,11324,106583,99961,4706,4561,124459,118812,936222,890564,307863,298396,40372,38598,153840,144759,11270,10649,549817,527431,393492,378076,47249,45313,35941,34119,10739,10332,2245,2257,60151,57334,449187,431031,76881,73507,58783,56117,28553,27228,6324,6278
R,11,2025,2,3680791,1881909,1798882,1220215,1163845,299361,290003,48924,46880,121561,114694,7005,6991,184843,176469,1393277,1328792,389031,376286,100436,96188,186878,176655,17661,17127,1323343,1261964,819932,778910,251587,244162,11672,11324,110719,104208,4719,4630,124714,118730,937318,890524,311576,301999,40343,38472,158321,149235,11309,10717,558566,536918,400283,384935,47774,45841,37252,35556,10842,10486,2286,2361,60129,57739,455959,438268,77455,74287,60093,57716,28557,27420,6352,6410
R,11,2025,3,3773131,1925655,1847476,1247852,1194229,308864,299836,48233,46834,126545,120151,7332,7067,186829,179359,1422771,1361873,399498,387462,100109,96743,192687,183314,18058,17332,1364902,1305539,843709,803821,261449,254054,12133,11614,115704,109651,4896,4572,127011,121827,963237,918324,322464,313297,41285,39426,164328,156004,11598,10823,560753,541937,404143,390408,47415,45782,36100,35220,10841,10500,2436,2495,59818,57532,459534,443549,77034,74165,58824,57317,28359,27310,6460,6509
R,11,2025,4,3760224,1920929,1839295,1246963,1189083,309974,301871,45804,44118,125751,119617,6831,6565,185606,178041,1420742,1355493,400000,388851,97284,93604,191502,182351,17480,16731,1383133,1319220,859237,813735,264867,258166,12364,11846,115728,109837,4614,4382,126323,121254,978105,927691,325496,317074,41313,39504,164182,156052,11287,10608,537796,520075,387726,375348,45107,43705,33440,32272,10023,9780,2217,2183,59283,56787,442637,427802,74504,71777,55971,54100,27320,26299,6193,6123
R,11,2025,5,3791425,1937083,1854342,1260965,1202179,309405,300863,46815,44865,128969,122872,6817,6446,184112,177117,1433369,1367798,398862,387554,97628,93884,194209,185200,17356,16528,1403919,1341843,873331,829480,266876,259964,13412,12927,119218,113343,4756,4452,126326,121677,992212,943869,327643,319220,42299,40637,167596,159601,11415,10685,533164,512499,387634,372699,42529,40899,33403,31938,9751,9529,2061,1994,57786,55440,441157,423929,71219,68334,55329,53247,26613,25599,5941,5843
R,11,2025,6,3873940,1976273,1897667,1299486,1241576,307405,301230,48237,46264,129699,124089,7211,6853,184235,177655,1471957,1407653,396404,387682,99251,95579,195124,186769,17914,17000,1447048,1385978,912656,866787,266600,262005,14791,14369,120229,114849,5033,4888,127739,123080,1032797,982394,327758,321679,44149,42612,169213,161608,11881,11289,529225,511689,386830,374789,40805,39225,33446,31895,9470,9240,2178,1965,56496,54575,439160,425259,68646,66003,55102,52967,25911,25161,6033,5711
R,11,2025,7,3927609,2003383,1924226,1322541,1264247,312040,305356,49430,47878,129496,124480,7347,6898,182529,175367,1493392,1428134,399801,390155,100514,96906,194072,186368,18147,17028,1471414,1409665,932176,886585,271448,266231,15180,14737,120191,115355,5197,4932,127222,121825,1051789,1000960,332342,325009,44621,42783,168740,161636,12116,11382,531969,514561,390365,377662,40592,39125,34250,33141,9305,9125,2150,1966,55307,53542,441603,427174,67459,65146,55893,54123,25332,24732,6031,5646
R,11,2025,8,3989987,2038082,1951905,1348343,1285868,316730,308792,50535,48463,133501,127759,7567,6933,181406,174090,1517876,1448389,403028,392731,102098,98019,197751,188746,18479,17160,1498921,1430238,949698,900879,276528,269441,16062,15294,124227,118693,5417,4936,126989,120995,1068900,1014414,336652,327690,46033,43709,172678,164306,12496,11402,539161,521667,398645,384989,40202,39351,34473,33169,9274,9066,2150,1997,54417,53095,448976,433975,66376,65041,56065,54310,25073,24440,5983,5758
R,11,2025,9,4085009,2085343,1999666,1390594,1326925,317271,310370,52424,50609,135189,129492,7580,7186,182285,175084,1560820,1490306,402924,393691,105401,101640,199504,190704,18595,17650,1532018,1465903,980505,931173,276562,270733,16387,16124,125684,120431,5379,5132,127501,122310,1100155,1045887,336293,328941,47165,45787,174095,166326,12450,11832,553325,533763,410089,395752,40709,39637,36037,34485,9505,9061,2201,2054,54784,52774,460665,444419,66631,64750,58236,55853,25409,24378,6145,5818
R,11,2025,10,4112858,2101227,2011631,1405392,1339409,321076,312266,52345,51357,134575,128234,7468,7251,180371,173114,1573917,1500909,405477,394462,105627,102387,197783,188306,18279,17566,1545399,1474817,990829,939916,280661,272697,16747,16135,125195,119298,5325,5133,126642,121638,1109708,1053937,339798,330628,47991,45897,172842,164580,12324,11792,555828,536814,414563,399493,40415,39569,35598,35222,9380,8936,2143,2118,53729,51476,464209,446972,65679,63834,57636,56490,24941,23726,5955,5774
R,11,2025,11,4119635,2105433,2014202,1411312,1344094,320486,311819,53075,51367,135772,129069,7464,7244,177324,170609,1576965,1503262,402895,392486,106292,102627,197705,187632,18075,17338,1552823,1481534,998367,946934,280411,272435,16880,16276,126431,120430,5331,5135,125403,120324,1116060,1059737,338578,329599,48392,46417,173446,164664,12288,11724,552610,532668,412945,397160,40075,39384,36195,35091,9341,8639,2133,2109,51921,50285,460905,443525,64317,62887,57900,56210,24259,22968,5787,5614
R,11,2025,12,4090581,2089289,2001292,1401476,1339181,318469,309888,53910,51134,134823,127823,7535,7153,173076,166113,1563020,1493983,398399,387656,106762,102139,195002,184739,18041,17144,1541320,1471579,991560,942167,279030,271475,16917,16232,125717,119141,5344,5014,122752,117550,1106698,1052259,335705,326850,48346,46467,171487,162197,12230,11516,547969,529713,409916,397014,39439,38413,36993,34902,9106,8682,2191,2139,50324,48563,456322,441724,62694,60806,58416,55672,23515,22542,5811,5628
R,11,2025,13,4119931,2104135,2015796,1414685,1351197,320123,310395,54715,52400,136599,129686,7540,7162,170473,164956,1573571,1504831,398379,386719,107878,103995,195461,186018,17909,17097,1551075,1480860,999483,948882,280534,272395,17064,16449,127588,121107,5327,5025,121079,117002,1112924,1058337,336174,326785,48800,47176,172425,163964,12156,11604,553060,534936,415202,402315,39589,38000,37651,35951,9011,8579,2213,2137,49394,47954,460647,446494,62205,59934,59078,56819,23036,22054,5753,5493
R,11,2025,14,4164470,2130508,2033962,1439066,1368535,325442,314849,55221,53272,133249,126274,7494,7275,170036,163757,1597531,1520969,403052,390057,109289,105369,191314,182003,17863,17253,1565817,1490577,1012991,959305,285208,276280,17185,16391,124168,117619,5284,5000,120981,115982,1126277,1067710,340661,329867,49661,47471,168359,159941,12175,11551,564691,543385,426075,409230,40234,38569,38036,36881,9081,8655,2210,2275,49055,47775,471254,453259,62391,60190,59628,57898,22955,22062,5688,5702
R,11,2025,15,4252773,2174705,2078068,1474183,1403716,332544,320863,56165,53499,132439,126721,7426,7294,171948,165975,1634470,1558311,410520,397056,111944,107312,190393,182188,17829,17316,1590839,1517637,1028466,976028,293146,282641,17201,16930,123681,118330,5240,5023,123105,118685,1143742,1087008,349105,337401,51026,49573,168172,160840,12243,11689,583866,560431,445717,427688,39398,38222,38964,36569,8758,8391,2186,2271,48843,47290,490728,471303,61415,59655,60918,57739,22221,21348,5586,5627
R,11,2025,16,4308471,2203852,2104619,1500258,1425522,336492,325533,56175,53895,132023,126883,7538,7268,171366,165518,1659786,1579567,414207,402174,111759,107223,189772,181581,17934,17346,1607753,1534513,1040373,986109,297043,287536,17722,17192,123545,118625,5242,4878,123828,120173,1156159,1098408,353744,343575,51777,50288,168243,161040,12258,11734,596099,570106,459885,439413,39449,37997,38453,36703,8478,8258,2296,2390,47538,45345,503627,481159,60463,58599,59982,56935,21529,20541,5676,5612
R,11,2025,17,4473731,2290310,2183421,1562824,1481594,349531,337030,58914,55637,137553,131812,7567,7298,173921,170050,1724535,1639712,428421,415110,116005,112092,195281,187328,18483,17473,1666642,1590341,1079584,1022457,308246,298630,18383,17699,128781,123285,5128,4933,126520,123337,1197619,1137615,366207,356018,53862,52714,173769,166222,12544,11852,623668,593080,483240,459137,41285,38400,40531,37938,8772,8527,2439,2365,47401,46713,526916,502097,62214,59092,62143,59378,21512,21106,5939,5621
R,11,2025,18,4518696,2313710,2204986,1582851,1502149,348902,336715,61115,57419,140758,134091,7679,7463,172405,167149,1743057,1657306,426210,412463,119893,114004,197269,188737,18337,17761,1679621,1602759,1091142,1034629,307769,298084,18541,17940,131890,125679,5118,5111,125161,121316,1207897,1147766,364205,353583,55118,53108,175904,168012,12418,12069,634089,602227,491709,467520,41133,38631,42574,39479,8868,8412,2561,2352,47244,45833,535160,509540,62005,58880,64775,60896,21365,20725,5919,5692
R,11,2025,19,4493367,2304342,2189025,1581371,1494705,343127,331182,62052,56780,142657,136848,7692,7327,167443,162183,1736806,1645246,416902,403419,120033,112559,197845,189825,18018,17245,1672254,1593718,1090879,1031037,302915,293113,18223,17612,133745,128652,5159,4991,121333,118313,1203987,1141351,356548,346494,54159,52596,176982,169936,12213,11760,632088,595307,490492,463668,40212,38069,43829,39168,8912,8196,2533,2336,46110,43870,532819,503895,60354,56925,65874,59963,20863,19889,5805,5485
R,11,2025,20,4480278,2298222,2182056,1583650,1492871,336008,325127,62133,57336,146967,143156,7855,7480,161609,156086,1733697,1637583,405784,393707,119323,112214,200182,194284,17673,17020,1670105,1592973,1094731,1032646,296510,288045,18099,17557,138536,135291,5326,5206,116903,114228,1203700,1138932,347177,338681,53739,52139,180177,175466,12008,11813,628117,589083,488919,460225,39498,37082,44034,39779,8431,7865,2529,2274,44706,41858,529997,498651,58607,55026,65584,60075,20005,18818,5665,5207
R,11,2025,21,4498552,2307761,2190791,1593874,1503427,334539,323204,62117,55816,152056,148735,7961,7313,157214,152296,1739562,1644651,401552,389214,118517,110503,204130,198292,17797,16630,1684820,1606536,1106817,1045372,296063,286747,18198,17130,143699,140902,5446,5129,114597,111256,1213391,1148830,344756,335245,53893,51814,184771,179965,12268,11564,622941,584255,487057,458055,38476,36457,43919,38686,8357,7833,2515,2184,42617,41040,526171,495821,56796,53969,64624,58689,19359,18327,5529,5066
R,11,2025,22,4506639,2312235,2194404,1599611,1507337,333320,322900,61842,55666,156566,153090,7936,7246,152960,148165,1741338,1644603,397457,386114,118215,109908,206665,201357,17418,16269,1693535,1614145,1115282,1051825,294989,286757,17869,16858,148579,145346,5467,5104,111349,108255,1218823,1152474,341849,333182,53494,51415,188034,183229,12006,11447,618700,580259,484329,455512,38331,36143,43973,38808,7987,7744,2469,2142,41611,39910,522515,492129,55608,52932,64721,58493,18631,18128,5412,4822
R,11,2025,23,4561847,2330729,2231118,1606356,1528147,342181,335830,61575,56082,166545,160747,7819,7486,146253,142826,1741653,1659841,402742,396734,116324,108859,214410,206968,17064,16429,1712357,1648226,1120487,1069499,303479,299039,17790,16993,158601,153014,5556,5278,106444,104403,1219157,1166074,347729,343814,52444,50598,196217,189410,12048,11539,618372,582892,485869,458648,38702,36791,43785,39089,7944,7733,2263,2208,39809,38423,522496,493767,55013,52920,63880,58261,18193,17558,5016,4890
R,11,2025,24,4770636,2419508,2351128,1661841,1608391,360157,358511,60880,56167,186880,180293,8125,8049,141625,139717,1791983,1736997,419165,418177,113415,106735,233573,226302,17638,17312,1796487,1759213,1171247,1140785,319904,320492,17722,17580,178724,172190,5813,5701,103077,102465,1266169,1235283,362781,364452,51043,49740,215600,208780,12481,12320,623021,591915,490594,467606,40253,38019,43158,38587,8156,8103,2312,2348,38548,37252,525814,501714,56384,53725,62372,56995,17973,17522,5157,4992
R,11,2025,25,4948765,2505465,2443300,1722682,1670619,373530,374346,61796,56489,201685,196815,8712,8494,137060,136537,1848527,1795809,429986,432625,112846,105420,247167,242410,17981,17609,1876430,1844939,1225741,1196572,333156,335548,18152,17587,193259,188464,6412,6020,99710,100748,1317462,1289158,374080,378572,50281,48871,229373,224964,13044,12516,629035,598361,496941,474047,40374,38798,43644,38902,8426,8351,2300,2474,37350,35789,531065,506651,55906,54053,62565,56549,17794,17446,4937,5093
R,11,2025,26,4795901,2429701,2366200,1684853,1628535,352782,354695,59049,53505,194904,191771,8511,8225,129602,129469,1803625,1747300,405839,409772,107845,100356,237612,234610,17431,16800,1824636,1790837,1205324,1171347,314502,317592,17316,16713,186775,183782,6283,5816,94436,95587,1292022,1259214,353113,358341,48159,46734,220794,218097,12613,11873,605065,575363,479529,457188,38280,37103,41733,36792,8129,7989,2228,2409,35166,33882,511603,488086,52726,51431,59686,53622,16818,16513,4818,4927
R,11,2025,27,4701107,2379891,2321216,1653020,1594736,343506,345891,57808,52383,191993,194088,8292,8122,125272,125996,1767740,1710487,394085,398924,105497,98742,233146,235244,16902,16317,1789346,1759755,1185220,1148234,306170,310208,16623,15895,183888,186056,6020,5773,91425,93589,1269011,1234434,342996,349626,46751,45786,216861,219303,12215,11707,590545,561461,467800,446502,37336,35683,41185,36488,8105,8032,2272,2349,33847,32407,498729,476053,51089,49298,58746,52956,16285,15941,4687,4610
R,11,2025,28,4545052,2299404,2245648,1598477,1538713,327920,330866,55749,50438,190982,197402,7847,7582,118429,120647,1706989,1649361,375040,380807,101312,95661,230225,236916,15806,15292,1727844,1703082,1144903,1106728,292156,296958,15656,15053,183266,189676,5706,5473,86157,89194,1223963,1188639,326046,333870,44400,43958,214767,221741,11446,11042,571560,542566,453574,431985,35764,33908,40093,35385,7716,7726,2141,2109,32272,31453,483026,460722,48994,46937,56912,51703,15458,15175,4360,4250
R,11,2025,29,4511449,2279069,2232380,1588106,1528471,319863,326479,56202,50141,191196,201377,7762,7335,115940,118577,1694114,1637027,365244,374901,101455,95279,229450,240190,15802,15133,1711551,1694472,1138228,1100689,284480,292910,15351,14616,183613,193628,5640,5440,84239,87189,1215449,1180645,316973,328581,43595,43191,214584,225028,11455,11071,567518,537908,449878,427782,35383,33569,40851,35525,7583,7749,2122,1895,31701,31388,478665,456382,48271,46320,57860,52088,14866,15162,4347,4062
R,11,2025,30,4540961,2289492,2251469,1597210,1542198,324015,332577,56474,50387,190694,202324,7781,7463,113318,116520,1700631,1648602,368088,380045,101376,95543,227913,239894,15703,15384,1724142,1711299,1149475,1112856,288377,297895,15441,14787,182963,194423,5695,5569,82191,85769,1224518,1191361,319832,332541,43705,43643,213095,224989,11468,11324,565350,540170,447735,429342,35638,34682,41033,35600,7731,7901,2086,1894,31127,30751,476113,457241,48256,47504,57671,51900,14818,14905,4235,4060
R,11,2025,31,4548425,2287167,2261258,1595754,1545851,326280,340959,55354,50459,190943,201003,7707,7478,111129,115508,1696924,1651348,368717,387183,100443,96408,227244,238069,15739,15248,1731140,1726395,1154975,1121126,291415,306534,15350,14772,183347,193364,5690,5483,80363,85116,1228136,1198910,321636,340254,43512,44390,212853,223597,11563,11193,556027,534863,440779,424725,34865,34425,40004,35687,7596,7639,2017,1995,30766,30392,468788,452438,47081,46929,56931,52018,14391,14472,4176,4055
R,11,2025,32,4601453,2311356,2290097,1614723,1563885,331185,350043,56078,51225,194058,203578,7859,7400,107453,113966,1712318,1667796,371701,395343,99806,97669,229561,239737,15787,15068,1758947,1757210,1175872,1140988,296596,315575,15719,15365,186715,195925,5778,5364,78267,83993,1247010,1217741,325513,348358,43364,45608,215652,225402,11600,10989,552409,532887,438851,422897,34589,34468,40359,35860,7343,7653,2081,2036,29186,29973,465308,450055,46188,46985,56442,52061,13909,14335,4187,4079
R,11,2025,33,4675834,2346835,2328999,1644921,1595782,333778,354956,57132,52143,195786,205265,7608,7432,107610,113421,1742842,1699296,373189,398393,102579,99846,230726,241068,15457,15073,1792525,1794050,1204473,1170950,299153,320142,16405,15881,188507,197838,5673,5425,78314,83814,1275749,1247533,327038,351484,45420,47308,217013,227177,11441,11008,554310,534949,440448,424832,34625,34814,40727,36262,7279,7427,1935,2007,29296,29607,467093,451763,46151,46909,57159,52538,13713,13891,4016,4065
R,11,2025,34,4748295,2374327,2373968,1668331,1627396,337121,364626,57110,51936,198682,209277,7999,7547,105084,113186,1763452,1730220,375167,407615,101926,100119,233016,245320,15942,15397,1826390,1844663,1233697,1208794,302492,328897,16700,16335,191349,201692,5990,5643,76162,83302,1302709,1284571,329191,359554,45129,47901,219367,231126,11875,11506,547937,529305,434634,418602,34629,35729,40410,35601,7333,7585,2009,1904,28922,29884,460743,445649,45976,48061,56797,52218,13649,14194,4067,3891
R,11,2025,35,4827975,2414000,2413975,1703213,1660371,339910,367883,57561,52585,201912,213119,7825,7755,103579,112262,1797098,1762746,376337,409235,102459,102153,236137,248094,15609,15386,1865151,1884417,1267080,1241178,305520,332415,16908,16597,194588,205797,5808,5756,75247,82674,1335353,1316690,330712,361676,45583,49404,222716,234437,11595,11429,548849,529558,436133,419193,34390,35468,40653,35988,7324,7322,2017,1999,28332,29588,461745,446056,45625,47559,56876,52749,13421,13657,4014,3957
R,11,2025,36,4709439,2352100,2357339,1661685,1620886,329706,358465,54776,51027,198862,212429,7670,7236,99401,107296,1751952,1718245,364001,397397,98725,99146,231234,246032,15011,14648,1832357,1850890,1248519,1219034,297207,324886,16333,16423,191991,205519,5736,5402,72571,79626,1314367,1291245,320925,352495,44738,48753,218785,233338,11322,11075,519743,506449,413166,401852,32499,33579,38443,34604,6871,6910,1934,1834,26830,27670,437585,427000,43076,44902,53987,50393,12449,12694,3689,3573
R,11,2025,37,4632209,2304293,2327916,1638250,1610708,314493,346415,54200,50477,194833,209399,7365,7306,95152,103611,1724467,1704836,346543,383380,96525,97803,226078,241652,14503,14348,1794896,1828960,1232443,1214432,283405,313706,16170,15988,188043,202609,5448,5386,69387,76839,1295283,1284326,305587,339671,43354,47858,213965,229254,10857,10734,509397,498956,405807,396276,31088,32709,38030,34489,6790,6790,1917,1920,25765,26772,429184,420510,40956,43709,53171,49945,12113,12398,3646,3614
R,11,2025,38,4534101,2257474,2276627,1615741,1583143,303233,333964,52599,48614,187509,203133,7279,7052,91113,100721,1698198,1674746,333539,369423,94225,95431,217001,234226,14255,13908,1761490,1790723,1219637,1196491,273092,302624,15462,15331,181035,196511,5403,5189,66861,74577,1280022,1264348,294173,327553,42550,46848,205615,222297,10781,10357,495984,485904,396104,386652,30141,31340,37137,33283,6474,6622,1876,1863,24252,26144,418176,410398,39366,41870,51675,48583,11386,11929,3474,3551
R,11,2025,39,4536814,2257587,2279227,1624309,1594749,299465,330186,52226,49185,184993,200430,7205,6932,89389,97745,1705280,1683377,328450,363771,93533,96223,214217,230057,14136,13549,1763573,1796270,1229135,1209807,269655,299422,15343,15394,178547,193938,5410,5125,65483,72584,1288449,1275606,289459,323047,42315,47383,202818,218542,10674,10164,494014,482957,395174,384942,29810,30764,36883,33791,6446,6492,1795,1807,23906,25161,416831,407771,38991,40724,51218,48840,11399,11515,3462,3385
R,11,2025,40,4550769,2264008,2286761,1634950,1604822,297260,328721,52617,49055,183778,200572,7037,6937,88366,96654,1714934,1692693,325413,360901,94837,96420,211954,229605,13734,13652,1771919,1806242,1241286,1220753,268362,299038,14954,15555,177494,194084,5290,5258,64533,71554,1299644,1285828,287504,321256,42662,47934,200975,218142,10365,10378,492089,480519,393664,384069,28898,29683,37663,33500,6284,6488,1747,1679,23833,25100,415290,406865,37909,39645,52175,48486,10979,11463,3369,3274
R,11,2025,41,4441733,2204222,2237511,1594979,1573293,285627,319178,51168,48291,181462,197564,6806,6718,84180,92467,1671088,1656952,311584,349633,92010,94679,208321,225147,13428,13257,1729403,1766962,1214646,1196232,258158,290663,14728,15176,175287,191421,5089,5025,61495,68445,1270160,1258189,275867,311684,41559,46888,197592,214228,10178,10018,474819,470549,380333,377061,27469,28515,36440,33115,6175,6143,1717,1693,22685,24022,400928,398763,35717,37949,50451,47791,10729,10919,3250,3239
R,11,2025,42,4410850,2184537,2226313,1585552,1567915,282629,316825,51087,48150,176430,195200,6685,6716,82154,91507,1659686,1650634,308010,346284,91824,95408,202023,221827,13060,13168,1715228,1757582,1209298,1191591,255392,288777,14764,15071,170591,189251,5011,5014,60172,67878,1263491,1252896,272704,309254,41791,47689,191823,211251,9890,9951,469309,468731,376254,376324,27237,28048,36323,33079,5839,5949,1674,1702,21982,23629,396195,397738,35306,37030,50033,47719,10200,10576,3170,3217
R,11,2025,43,4433819,2189854,2243965,1594057,1584314,283186,318758,51094,48615,173609,194433,6490,6689,81418,91156,1667674,1666711,308163,348084,92215,96449,198335,220346,12854,13047,1719498,1769212,1216242,1202402,256177,290470,14882,15192,167778,188374,4800,4971,59619,67803,1270042,1263696,273305,310880,42252,48454,188270,209739,9720,9830,470356,474753,377815,381912,27009,28288,36212,33423,5831,6059,1690,1718,21799,23353,397632,403015,34858,37204,49963,47995,10065,10607,3134,3217
R,11,2025,44,4344585,2142668,2201917,1566553,1560671,276878,312568,49623,47543,164510,186519,6371,6321,78733,88295,1637448,1640455,300697,340983,90187,94455,187982,211216,12434,12500,1687877,1738644,1201106,1187985,251032,285161,14288,14771,158909,180615,4716,4649,57826,65463,1253071,1247196,267421,304905,41505,47271,178387,200962,9367,9296,454791,463273,365447,372686,25846,27407,35335,32772,5601,5904,1655,1672,20907,22832,384377,393259,33276,36078,48682,47184,9595,10254,3067,3204
R,11,2025,45,4394092,2170196,2223896,1585840,1573910,286382,322133,50837,48190,161804,184605,6631,6581,78702,88477,1656723,1653801,310318,350368,91773,95980,184916,208803,12723,12747,1703702,1753688,1209727,1195008,260570,294426,14789,15033,156057,178677,4887,4862,57672,65682,1261535,1254240,276939,314114,42317,48361,175179,198637,9617,9565,466494,470208,376113,378902,25812,27707,36048,33157,5747,5928,1744,1719,21030,22795,395188,399561,33379,36254,49456,47619,9737,10166,3106,3182
R,11,2025,46,4198363,2068478,2129885,1514129,1508889,272142,307590,47794,45894,154174,177848,6109,6188,74130,83476,1581006,1584088,294305,334449,86958,90959,175522,200666,11704,11904,1630897,1683684,1160847,1149071,248206,281399,13922,14352,148934,172382,4565,4537,54423,61943,1209876,1204881,263329,299797,40395,45941,166666,191182,8887,8891,437581,446201,353282,359818,23936,26191,33872,31542,5240,5466,1544,1651,19707,21533,371130,379207,30976,34652,46563,45018,8856,9484,2817,3013
R,11,2025,47,4053576,1993460,2060116,1463106,1463367,259857,294066,45801,44725,148140,172247,5859,5821,70697,79890,1526820,1535450,280834,319156,83710,88343,168347,193953,10961,11219,1569330,1625568,1119514,1112294,237040,269051,13255,13787,143100,166778,4391,4244,52030,59414,1166327,1165840,251419,286455,39053,44403,159859,184704,8304,8394,424130,434548,343592,351073,22817,25015,32546,30938,5040,5469,1468,1577,18667,20476,360493,369610,29415,32701,44657,43940,8488,9249,2657,2825
R,11,2025,48,4018244,1971503,2046741,1453863,1459579,253394,289770,45268,44296,144334,168964,5586,5876,69058,78256,1516157,1530080,273695,314086,82913,87714,163839,190186,10666,11149,1554279,1615009,1114318,1108781,231808,265459,13547,14229,139412,163748,4177,4320,51017,58472,1160234,1161411,245574,282407,39330,44915,155735,181301,8084,8375,417224,431732,339545,350798,21586,24311,31721,30067,4922,5216,1409,1556,18041,19784,355923,368669,28121,31679,43583,42799,8104,8885,2582,2774
R,11,2025,49,3868121,1896796,1971325,1394797,1405113,241987,276470,43522,42157,144631,167936,5396,5475,66463,74174,1454597,1471857,260767,299306,80098,83781,163395,187844,10441,10409,1492672,1550349,1065478,1061460,220957,253577,13054,13320,139985,162778,4068,4059,49130,55155,1109555,1110973,233766,269359,38055,42497,155747,179308,7985,7890,404124,420976,329319,343653,21030,22893,30468,28837,4646,5158,1328,1416,17333,19019,345042,360884,27001,29947,42043,41284,7648,8536,2456,2519
R,11,2025,50,3871324,1898377,1972947,1399123,1408193,241882,276029,42461,41808,146262,169354,5137,5349,63512,72214,1456294,1473167,259938,297766,77916,82595,163712,188681,9604,10124,1501655,1559153,1074437,1069052,221531,253928,12840,13543,141656,164390,3899,3972,47292,54268,1116917,1117853,234005,269093,37563,42570,156191,180463,7367,7645,396722,413794,324686,339141,20351,22101,29621,28265,4606,4964,1238,1377,16220,17946,339377,355314,25933,28673,40353,40025,7521,8218,2237,2479
R,11,2025,51,3830959,1877439,1953520,1386716,1399916,237409,270310,41409,40792,144903,167102,4971,5163,62031,70237,1442513,1463214,254713,291022,76465,81017,161836,185761,9416,9591,1492521,1549207,1070836,1067562,218138,249270,12827,13316,140503,162322,3767,3820,46450,52917,1112536,1115111,230294,263848,37354,42111,154708,177929,7183,7242,384918,404313,315880,332354,19271,21040,28582,27476,4400,4780,1204,1343,15581,17320,329977,348103,24419,27174,39111,38906,7128,7832,2233,2349
R,11,2025,52,3806277,1859723,1946554,1373533,1393461,236923,271338,39973,39967,144098,167940,4887,5126,60309,68722,1427781,1455127,253504,291550,74103,79313,160702,186272,9136,9605,1488887,1554009,1068434,1070026,218674,250976,12591,13473,139927,163343,3688,3786,45573,52405,1109240,1116987,230275,265244,36881,42144,153922,178748,7052,7264,370836,392545,305099,323435,18249,20362,27382,26494,4171,4597,1199,1340,14736,16317,318541,338140,23229,26306,37222,37169,6780,7524,2084,2341
R,11,2025,53,3941975,1923313,2018662,1426147,1452026,245022,281423,40844,40003,145205,170420,4893,5047,61202,69743,1481178,1514751,261468,301575,76356,80611,161485,188438,9211,9598,1553343,1625436,1121362,1127389,227164,261099,13278,13704,141003,165784,3715,3758,46821,53702,1163319,1175546,238875,275618,39030,43581,154790,181065,7134,7355,369970,393226,304785,324637,17858,20324,27566,26299,4202,4636,1178,1289,14381,16041,317859,339205,22593,25957,37326,37030,6695,7373,2077,2243
R,11,2025,54,4138179,2019742,2118437,1520296,1546759,251496,290488,39506,40238,140535,164286,4984,4954,62925,71712,1576933,1611488,268170,310709,76714,83097,156728,181921,9412,9513,1656004,1730887,1219598,1226493,233925,270789,13574,14285,136343,159744,3774,3761,48790,55815,1263461,1276740,245889,285442,41087,46617,150159,174659,7331,7370,363738,387550,300698,320266,17571,19699,25932,25953,4192,4542,1210,1193,14135,15897,313472,334748,22281,25267,35627,36480,6569,7262,2081,2143
R,11,2025,55,4250941,2076384,2174557,1571071,1598983,257055,293734,39873,39545,140374,164944,4885,5061,63126,72290,1627997,1664024,273663,314094,77818,83286,155865,182400,9300,9757,1712900,1793436,1270350,1283650,239347,274257,13770,14531,136317,160537,3738,3885,49378,56576,1314786,1334392,251511,289238,42253,47752,149526,175243,7300,7676,363484,381121,300721,315333,17708,19477,26103,25014,4057,4407,1147,1176,13748,15714,313211,329632,22152,24856,35565,35534,6339,7157,2000,2081
R,11,2025,56,4074808,1984675,2090133,1512132,1546798,239053,275824,37111,37875,132997,157102,4645,4916,58737,67618,1565213,1607773,254119,294367,72759,79453,147450,173066,8812,9290,1639559,1725720,1225403,1244555,222588,257669,13001,13980,129227,152954,3599,3783,45741,52779,1266634,1292066,233427,271077,39765,45632,141529,166358,6962,7275,345116,364413,286729,302243,16465,18155,24110,23895,3770,4148,1046,1133,12996,14839,298579,315707,20692,23290,32994,33821,5921,6708,1850,2015
R,11,2025,57,3954235,1923287,2030948,1463032,1500876,234572,271819,36675,36285,129394,153596,4326,4757,55288,63615,1512866,1558081,248803,289370,70510,75667,142649,168260,8219,8883,1590675,1681307,1186592,1210179,218828,254289,12915,13786,125870,149682,3347,3640,43123,49731,1225367,1254782,229105,266969,38494,43959,137103,162063,6495,6961,332612,349641,276440,290697,15744,17530,23760,22499,3524,3914,979,1117,12165,13884,287499,303299,19698,22401,32016,31708,5546,6197,1724,1922
R,11,2025,58,3911235,1895690,2015545,1454460,1501926,230991,271434,34671,35224,118088,140584,4438,4602,53042,61775,1502393,1557575,244350,288614,67815,74063,130267,154075,8057,8626,1577120,1677839,1188753,1220503,216132,254369,12776,13824,114645,136879,3455,3576,41359,48688,1226021,1264272,225757,266957,37864,43909,124960,148142,6417,6811,318570,337706,265707,281423,14859,17065,21895,21400,3443,3705,983,1026,11683,13087,276372,293303,18593,21657,29951,30154,5307,5933,1640,1815
R,11,2025,59,3941870,1906651,2035219,1464570,1520061,235136,277031,34136,34879,116139,137402,4429,4703,52241,61143,1511410,1575021,248608,293817,67016,73743,127952,150504,8144,8655,1593698,1704088,1202920,1243589,220431,260596,12939,14096,112850,133828,3439,3660,41119,48319,1239694,1286965,230161,272930,38235,44329,122827,144817,6479,6823,312953,331131,261650,276472,14705,16435,21197,20783,3289,3574,990,1043,11122,12824,271716,288056,18447,20887,28781,29414,5125,5687,1665,1832
R,11,2025,60,4095790,1976596,2119194,1525175,1590051,242143,286654,34620,35513,117019,139714,4370,4733,53269,62529,1573077,1646191,255591,303759,68514,75417,128763,152986,8113,8759,1666038,1789733,1265319,1314773,227489,270187,13729,14939,113793,136183,3422,3709,42286,49942,1303229,1359528,237416,282908,40000,46352,123796,147393,6502,6997,310558,329461,259856,275278,14654,16467,20891,20574,3226,3531,948,1024,10983,12587,269848,286663,18175,20851,28514,29065,4967,5593,1611,1762
R,11,2025,61,4223892,2029924,2193968,1580457,1663633,241998,288577,34044,34832,116250,139587,4077,4581,53098,62758,1628279,1720116,254792,305037,68632,76083,127598,152415,7713,8488,1733583,1873552,1331841,1394603,228347,272646,13920,15444,113273,136315,3209,3599,42993,50945,1370478,1440377,237946,285076,41509,48664,122986,147238,6200,6851,296341,320416,248616,269030,13651,15931,20124,19388,2977,3272,868,982,10105,11813,257801,279739,16846,19961,27123,27419,4612,5177,1513,1637
R,11,2025,62,4222960,2025378,2197582,1581052,1673777,236487,282707,32950,33689,118408,140800,3957,4464,52524,62145,1628372,1729721,249133,298954,67497,74449,129455,153349,7433,8373,1741334,1888504,1342690,1414075,223360,267581,14093,15224,115503,137561,3159,3516,42529,50547,1380905,1459481,232853,280001,41641,48103,125010,148247,6048,6732,284044,309078,238362,259702,13127,15126,18857,18465,2905,3239,798,948,9995,11598,247467,270240,16280,18953,25856,26346,4445,5102,1385,1641
R,11,2025,63,4198174,2008118,2190056,1579436,1681955,230740,278634,31430,32867,111723,131674,4061,4468,50728,60458,1625250,1736400,242655,294255,64801,73082,122452,143714,7477,8178,1737463,1894069,1351452,1432588,218543,264672,13670,15089,108983,128564,3248,3577,41567,49579,1388906,1477149,227554,276642,40639,47835,118299,138869,6147,6623,270655,295987,227984,249367,12197,13962,17760,17778,2740,3110,813,891,9161,10879,236344,259251,15101,17613,24162,25247,4153,4845,1330,1555
R,11,2025,64,4179399,1992448,2186951,1584302,1695577,223893,273312,29818,31998,100934,122657,3836,4131,49665,59276,1629102,1748942,235581,288515,62845,71786,111303,134158,7048,7801,1738639,1906557,1370380,1459264,212388,260141,13506,15267,98488,119795,3096,3286,40781,48804,1407056,1503118,221309,271839,40282,47836,107499,129665,5814,6301,253809,280394,213922,236313,11505,13171,16312,16731,2446,2862,740,845,8884,10472,222046,245824,14272,16676,22563,23950,3804,4493,1234,1500
R,11,2025,65,4191389,1991942,2199447,1579068,1701606,226025,275591,29522,31879,104593,128332,3751,4162,48983,57877,1623311,1753604,237691,290510,62050,70552,114620,139662,6913,7688,1741870,1921073,1368048,1466588,214797,262709,13317,15200,102190,125459,3048,3360,40470,47757,1404523,1509416,223748,274254,39886,46889,110943,135211,5670,6285,250072,278374,211020,235018,11228,12882,16205,16679,2403,2873,703,802,8513,10120,218788,244188,13943,16256,22164,23663,3677,4451,1243,1403
R,11,2025,66,4066060,1924095,2141965,1535360,1666213,213929,265689,27621,29839,97804,121256,3454,3838,45927,55130,1576718,1715877,224448,279692,58296,67012,107465,131852,6419,7096,1695724,1884545,1342495,1449024,203698,253606,12862,14440,95583,118625,2831,3143,38255,45707,1376876,1490073,211894,264575,38044,45070,104083,127784,5330,5837,228371,257420,192865,217189,10231,12083,14759,15399,2221,2631,623,695,7672,9423,199842,225804,12554,15117,20252,21942,3382,4068,1089,1259
R,11,2025,67,3987548,1879558,2107990,1503342,1643620,206010,257578,25530,28387,97781,121944,3306,3646,43589,52815,1542573,1691092,216132,271147,54902,64059,106635,132033,6018,6714,1666175,1863920,1323225,1437137,196146,246291,12129,14100,95715,119435,2700,3003,36260,43954,1355770,1476552,204011,256946,36297,43624,103491,128153,5000,5535,213383,244070,180117,206483,9864,11287,13401,14287,2066,2509,606,643,7329,8861,186803,214540,12121,14201,18605,20435,3144,3880,1018,1179
R,11,2025,68,3952665,1854269,2098396,1489399,1644944,199123,252475,25027,27176,95295,119370,3103,3475,42322,50956,1527521,1690826,208879,265314,53562,62230,103890,128671,5772,6394,1649500,1861486,1315846,1443614,190081,241676,12016,13677,93418,117098,2592,2818,35547,42603,1347766,1481880,197799,251810,35726,42896,101036,125147,4875,5266,204769,236910,173553,201330,9042,10799,13011,13499,1877,2272,511,657,6775,8353,179755,208946,11080,13504,17836,19334,2854,3524,897,1128
R,11,2025,69,3811255,1780740,2030515,1435299,1593079,188107,242646,23234,25776,91502,117270,2938,3326,39660,48418,1471127,1636632,197220,254954,50021,58895,99432,126298,5456,6150,1589478,1806691,1273078,1402904,179612,232305,11275,13133,89681,114987,2431,2767,33401,40595,1303203,1439331,186790,242055,33616,40769,96679,122840,4548,5170,191262,223824,162221,190175,8495,10341,11959,12643,1821,2283,507,559,6259,7823,167924,197301,10430,12899,16405,18126,2753,3458,908,980
R,11,2025,70,3682865,1715549,1967316,1387407,1550568,176766,229509,22007,24355,89304,114546,2784,3218,37281,45120,1420961,1590986,185323,241060,47253,55107,96730,123044,5194,5928,1534048,1753186,1233381,1368186,168644,219754,10725,12359,87585,112461,2319,2626,31394,37800,1261575,1401912,175373,228857,31783,37989,94168,119914,4383,4944,181501,214130,154026,182382,8122,9755,11282,11996,1719,2085,465,592,5887,7320,159386,189074,9950,12203,15470,17118,2562,3130,811,984
R,11,2025,71,3558446,1648357,1910089,1340856,1513974,166044,218899,20169,22956,84621,108443,2595,3065,34072,42752,1371534,1552226,174009,229752,43247,52293,91336,116332,4742,5672,1481586,1709268,1198877,1342576,158616,209905,10102,11873,83098,106461,2153,2524,28740,35929,1224681,1374605,164913,218454,29387,36450,89053,113351,4013,4757,166771,200821,141979,171398,7428,8994,10067,11083,1523,1982,442,541,5332,6823,146853,177621,9096,11298,13860,15843,2283,2981,729,915
R,11,2025,72,3370242,1553128,1817114,1272497,1450924,150728,202706,18355,20740,77729,100307,2330,2701,31489,39736,1300852,1486633,157986,212836,39933,47886,83851,107596,4331,5106,1401352,1631183,1142914,1291560,144012,194433,9343,11041,76377,98594,1950,2248,26756,33307,1166982,1321370,149756,202449,27517,33718,81859,104962,3677,4324,151776,185931,129583,159364,6716,8273,9012,9699,1352,1713,380,453,4733,6429,133870,165263,8230,10387,12416,14168,1992,2634,654,782
R,11,2025,73,3248997,1491631,1757366,1228596,1408520,140113,192303,16754,19548,74992,97531,2218,2608,28958,36856,1254664,1441610,146905,201744,36526,44962,80572,104049,4086,4866,1351212,1583011,1108239,1258576,133932,184687,8739,10522,73737,95942,1880,2164,24685,31120,1130374,1286416,139400,192209,25481,31931,78718,101654,3483,4098,140419,174355,120357,149944,6181,7616,8015,9026,1255,1589,338,444,4273,5736,124290,155194,7505,9535,11045,13031,1854,2395,603,768
R,11,2025,74,3060540,1398065,1662475,1157670,1337101,129511,182000,15347,18091,66516,88460,1947,2373,27074,34450,1181993,1368036,135765,190908,34168,42143,71525,94227,3675,4408,1267242,1499464,1044994,1196791,123927,174922,8126,9748,65401,87015,1663,1956,23131,29032,1065686,1222750,128998,181989,24096,30084,69867,92029,3160,3720,130823,163011,112676,140310,5584,7078,7221,8343,1115,1445,284,417,3943,5418,116307,145286,6767,8919,10072,12059,1658,2198,515,688
R,11,2025,75,2901077,1317475,1583602,1085356,1267946,122789,173679,14528,17091,67523,90505,1872,2183,25407,32198,1108209,1296751,128821,182212,31959,39243,72270,96184,3495,4159,1194377,1425887,979536,1131874,117449,166781,7683,9180,66454,89092,1584,1841,21671,27119,998947,1156043,122287,173556,22464,27837,70681,94008,3022,3528,123098,157715,105820,136072,5340,6898,6845,7911,1069,1413,288,342,3736,5079,109262,140708,6534,8656,9495,11406,1589,2176,473,631
R,11,2025,76,2774800,1253904,1520896,1042173,1228619,110489,160016,13368,15515,62891,84472,1729,2039,23254,30235,1063136,1255663,115776,167902,29488,36503,67183,89566,3297,3921,1141827,1376484,945389,1103451,105863,153844,7217,8542,61874,83171,1465,1718,20019,25758,963377,1126398,110120,160245,21066,26440,65713,87655,2850,3356,112077,144412,96784,125168,4626,6172,6151,6973,1017,1301,264,321,3235,4477,99759,129265,5656,7657,8422,10063,1470,1911,447,565
R,11,2025,77,2670734,1201804,1468930,1006154,1196239,101688,149039,12145,14538,58517,78403,1574,1969,21726,28742,1025679,1221993,106753,156511,27222,34524,62476,83225,3001,3725,1098478,1333742,916625,1079117,97449,143370,6803,8105,57614,77154,1320,1672,18667,24324,933350,1100831,101590,149354,19668,24995,61158,81361,2595,3203,103326,135188,89529,117122,4239,5669,5342,6433,903,1249,254,297,3059,4418,92329,121162,5163,7157,7554,9529,1318,1864,406,522
R,11,2025,78,2709993,1216579,1493414,1036257,1241170,92424,136810,11625,13655,53342,71728,1466,1728,21465,28323,1055715,1266728,97157,144056,26840,33686,57024,76188,2810,3368,1119953,1365464,952204,1129787,88686,131478,6579,7748,52540,70614,1253,1465,18691,24372,969134,1151726,92586,137387,19784,24997,55837,74547,2469,2929,96626,127950,84053,111383,3738,5332,5046,5907,802,1114,213,263,2774,3951,86581,115002,4571,6669,7056,8689,1187,1641,341,439
R,11,2025,79,2152112,957222,1194890,810352,985591,72844,111163,9292,11565,46311,62397,1263,1483,17160,22691,825912,1005992,76705,116979,21172,27160,49358,66280,2443,2982,874626,1082291,738401,887676,69545,106340,5189,6463,45624,61374,1083,1253,14784,19185,751796,904849,72655,111000,15407,19675,48340,64762,2135,2568,82596,112599,71951,97915,3299,4823,4103,5102,687,1023,180,230,2376,3506,74116,101143,4050,5979,5765,7485,1018,1518,308,414
R,11,2025,80,1838133,808014,1030119,680449,844978,63949,99864,7933,10354,40599,54465,1076,1390,14008,19068,693065,862007,67226,104959,17455,23350,43247,57729,2132,2683,734220,927974,615924,755850,61083,95635,4391,5655,39972,53562,910,1155,11940,16117,626632,770167,63690,99723,12473,16632,42295,56437,1844,2277,73794,102145,64525,89128,2866,4229,3542,4699,627,903,166,235,2068,2951,66433,91840,3536,5236,4982,6718,952,1292,288,406
R,11,2025,81,1732223,752670,979553,637299,808765,56982,91839,7231,9391,37076,50288,924,1240,13158,18030,649139,824818,60153,96853,16214,21678,39482,53282,1874,2504,687758,886551,580449,727379,54404,88120,4101,5170,36608,49478,799,1033,11397,15371,590678,741007,56988,92196,11874,15671,38768,52095,1645,2152,64912,93002,56850,81386,2578,3719,3130,4221,468,810,125,207,1761,2659,58461,83811,3165,4657,4340,6007,714,1187,229,352
R,11,2025,82,1709856,735405,974451,629999,816192,52713,86972,6555,8873,33117,44090,822,1088,12199,17236,641033,831618,55589,91611,15010,20779,35223,46847,1734,2265,675713,887051,577527,739711,50431,83432,3837,4915,32621,43399,708,912,10589,14682,587087,752802,52778,87165,11184,15106,34498,45778,1510,1958,59692,87400,52472,76481,2282,3540,2718,3958,496,691,114,176,1610,2554,53946,78816,2811,4446,3826,5673,725,1069,224,307
R,11,2025,83,1485059,630381,854678,536552,711541,45912,77356,5699,7829,30845,42177,708,1004,10665,14771,546141,724762,48422,81397,13006,18008,32802,44576,1465,1962,578106,776563,490598,642945,43871,74253,3338,4360,30455,41546,599,835,9245,12624,498893,654180,45932,77539,9654,13090,32208,43662,1264,1689,52275,78115,45954,68596,2041,3103,2361,3469,390,631,109,169,1420,2147,47248,70582,2490,3858,3352,4918,594,914,201,273
R,11,2025,84,1264130,528147,735983,448231,610861,38574,67488,4993,6847,26674,36844,642,859,9033,13084,456384,622535,40751,71046,11136,15899,28352,39025,1272,1702,482489,667357,408030,550470,36817,64857,2972,3873,26340,36287,554,713,7776,11157,415040,560395,38570,67729,8263,11612,27828,38170,1096,1448,45658,68626,40201,60391,1757,2631,2021,2974,334,557,88,146,1257,1927,41344,62140,2181,3317,2873,4287,524,855,176,254
R,11,2025,85,1115965,457500,658465,385654,543953,34012,61514,4415,6295,24906,34432,575,778,7938,11493,392754,554171,35986,64795,9762,14025,26442,36355,1134,1580,416162,593749,349204,486995,32414,58927,2593,3523,24580,33918,485,632,6886,9754,355349,495610,34032,61583,7193,10097,25965,35618,983,1339,41338,64716,36450,56958,1598,2587,1822,2772,326,514,90,146,1052,1739,37405,58561,1954,3212,2569,3928,477,737,151,241
R,11,2025,86,974177,393920,580257,332850,480843,28708,53203,3733,5486,21507,29817,417,703,6705,10205,338866,489882,30371,56033,8208,12380,22783,31555,911,1438,358247,523293,301406,430542,27291,50917,2172,3121,21247,29366,332,583,5799,8764,306590,438263,28645,53216,6031,9065,22405,30895,782,1231,35673,56964,31444,50301,1417,2286,1561,2365,260,451,85,120,906,1441,32276,51619,1726,2817,2177,3315,378,660,129,207
R,11,2025,87,878272,349972,528300,296491,439400,24698,47201,3323,5071,18972,26964,418,600,6070,9064,301939,447475,26164,49796,7383,11093,20177,28511,858,1204,318833,477192,268929,394275,23535,45167,1999,2953,18719,26583,351,480,5300,7734,273681,401121,24726,47300,5555,8101,19800,27939,738,1016,31139,51108,27562,45125,1163,2034,1324,2118,253,381,67,120,770,1330,28258,46354,1438,2496,1828,2992,377,572,120,188
R,11,2025,88,750981,294056,456925,248618,379140,20750,41015,2729,4284,16408,24002,336,531,5215,7953,253339,386154,22092,43337,6204,9470,17394,25460,703,1124,267521,412442,225009,339827,19781,39252,1651,2455,16215,23635,289,435,4576,6838,229146,345813,20886,41189,4701,6922,17111,24925,619,964,26535,44483,23609,39313,969,1763,1078,1829,193,367,47,96,639,1115,24193,40341,1206,2148,1503,2548,283,535,84,160
R,11,2025,89,647143,248884,398259,210195,330992,17457,35577,2331,3731,14107,20741,260,451,4534,6767,214259,336941,18631,37604,5234,8127,15040,21994,617,945,226236,359230,190070,296447,16608,34064,1420,2142,13948,20428,218,380,3972,5769,193615,301484,17590,35747,3938,5868,14794,21543,546,815,22648,39029,20125,34545,849,1513,911,1589,159,313,42,71,562,998,20644,35457,1041,1857,1296,2259,246,451,71,130
R,11,2025,90,562179,211738,350441,179141,290726,14762,31246,2007,3345,11874,18579,232,380,3722,6165,182464,296166,15735,32991,4351,7343,12661,19745,533,831,192386,316162,161925,260367,14045,29939,1225,1933,11736,18276,197,313,3258,5334,164821,265056,14861,31375,3264,5424,12455,19305,471,711,19352,34279,17216,30359,717,1307,782,1412,138,303,35,67,464,831,17643,31110,874,1616,1087,1919,206,440,62,120
R,11,2025,91,466677,172698,293979,146157,244254,11897,26061,1622,2763,9712,15483,229,328,3081,5090,148926,248737,12705,27533,3536,6062,10383,16473,460,706,156929,265621,132050,219074,11331,24971,1015,1623,9603,15253,193,278,2737,4422,134498,222947,12017,26195,2706,4485,10218,16149,398,624,15769,28358,14107,25180,566,1090,607,1140,109,230,36,50,344,668,14428,25790,688,1338,830,1577,165,324,62,82
R,11,2025,92,381099,137701,243398,116418,201677,9338,21345,1305,2253,7970,13548,164,278,2506,4297,118661,205404,9947,22584,2891,5010,8542,14404,363,647,125326,220147,105386,180973,8898,20420,818,1393,7880,13365,137,237,2207,3759,107350,184223,9413,21454,2196,3803,8408,14139,317,572,12375,23251,11032,20704,440,925,487,860,90,183,27,41,299,538,11311,21181,534,1130,695,1207,134,265,46,75
R,11,2025,93,326872,115137,211735,97351,175851,7731,18190,1062,2001,6652,11674,128,270,2213,3749,99325,179121,8329,19321,2420,4384,7148,12409,322,580,104900,191757,88200,158041,7378,17430,658,1241,6570,11511,111,229,1983,3305,89967,160915,7900,18403,1866,3340,7025,12174,290,511,10237,19978,9151,17810,353,760,404,760,82,163,17,41,230,444,9358,18206,429,918,554,1044,123,235,32,69
R,11,2025,94,262967,90745,172222,77299,144237,5604,13915,856,1582,5160,9279,101,197,1725,3012,78837,146826,6088,14824,1874,3498,5572,9887,251,465,82586,156357,70016,130084,5335,13326,520,970,5106,9157,87,166,1522,2654,71375,132351,5759,14096,1405,2666,5471,9705,214,404,8159,15865,7283,14153,269,589,336,612,54,122,14,31,203,358,7462,14475,329,728,469,832,101,182,37,61
R,11,2025,95,220595,73795,146800,62427,122052,4730,12045,701,1296,4496,8534,88,171,1353,2702,63633,124388,5102,12822,1524,3012,4803,9091,213,415,67162,133001,56484,109736,4507,11521,458,804,4442,8426,73,149,1198,2365,57549,111759,4816,12180,1184,2303,4726,8934,188,372,6633,13799,5943,12316,223,524,243,492,54,108,15,22,155,337,6084,12629,286,642,340,709,77,157,25,43
R,11,2025,96,165437,53400,112037,45073,93211,3321,9173,528,959,3324,6487,61,140,1093,2067,46027,94984,3638,9837,1195,2216,3583,6918,174,334,48592,101912,40794,84185,3159,8776,339,617,3286,6389,52,124,962,1821,41634,85737,3422,9347,917,1713,3523,6779,154,301,4808,10125,4279,9026,162,397,189,342,38,98,9,16,131,246,4393,9247,216,490,278,503,60,139,20,33
R,11,2025,97,127015,39761,87254,33464,72356,2536,7121,416,793,2470,5204,46,98,829,1682,34187,73786,2780,7652,925,1829,2664,5566,118,266,36178,79557,30265,65547,2411,6797,266,516,2452,5133,40,84,744,1480,30914,66791,2619,7257,723,1426,2635,5461,102,234,3583,7697,3199,6809,125,324,150,277,18,71,6,14,85,202,3273,6995,161,395,202,403,29,105,16,32
R,11,2025,98,94296,28519,65777,23818,54352,1853,5391,276,617,1876,4064,39,79,657,1274,24390,55427,2057,5775,641,1427,2033,4327,97,209,26049,60163,21610,49347,1778,5161,185,416,1860,4017,33,69,583,1153,22119,50320,1951,5497,508,1149,2003,4259,81,188,2470,5614,2208,5005,75,230,91,201,16,47,6,10,74,121,2271,5107,106,278,133,278,30,68,16,21
R,11,2025,99,67592,19762,47830,16369,39363,1336,3938,207,448,1342,3043,23,72,485,966,16791,40184,1471,4267,482,1028,1474,3238,81,173,18062,43863,14850,35829,1283,3777,141,320,1329,3007,19,64,440,866,15230,36561,1397,4064,392,830,1454,3186,71,157,1700,3967,1519,3534,53,161,66,128,13,36,4,8,45,100,1561,3623,74,203,90,198,20,52,10,16
R,11,2025,100,126633,34212,92421,26888,73343,2625,8371,500,1083,3101,7095,75,158,1023,2371,27731,75250,2980,9239,1051,2430,3396,7651,223,457,31119,84905,24193,66708,2511,8032,370,821,3063,7036,62,138,920,2170,24954,68450,2828,8810,856,2050,3334,7540,194,401,3093,7516,2695,6635,114,339,130,262,38,59,13,20,103,201,2777,6800,152,429,195,380,62,111,29,56
R,12,2025,999,342229050,167925350,174303700,122120823,125152112,22126965,24230334,3584008,3486245,11400645,12424258,479154,480661,8213755,8530090,129674830,132982097,25343806,27613447,6929911,7077597,13990031,15014571,1016835,1016895,132794291,138944393,94401816,97144864,19953871,22018900,1161405,1199129,10922622,11937827,352637,352703,6001940,6290970,99927502,102925045,22232727,24442341,3395236,3657820,12967399,13983885,739070,738150,35131059,35359307,27719007,28007248,2173094,2211434,2422603,2287116,478023,486431,126517,127958,2211815,2239120,29747328,30057052,3111079,3171106,3534675,3419777,1022632,1030686,277765,278745
R,12,2025,0,3616767,1849875,1766892,1206367,1150623,292882,283597,46643,44518,113214,106091,6867,6649,183902,175414,1378613,1314649,382274,369566,98070,93659,177886,167357,17466,16726,1308053,1247231,818749,778373,246266,238776,11662,11348,102643,95882,4640,4448,124093,118404,935616,889745,306243,296744,40380,38627,149549,140302,11172,10508,541822,519661,387618,372250,46616,44821,34981,33170,10571,10209,2227,2201,59809,57010,442997,424904,76031,72822,57690,55032,28337,27055,6294,6218
R,12,2025,1,3642439,1862610,1779829,1211816,1156181,294757,285391,47481,45338,117120,110085,6950,6809,184486,176025,1384582,1320758,384350,371554,99011,94583,182137,171725,17586,16913,1313460,1253047,818741,778522,247596,240144,11647,11318,106393,99762,4706,4558,124377,118743,935846,890191,307582,298141,40351,38585,153607,144522,11270,10647,549150,526782,393075,377659,47161,45247,35834,34020,10727,10323,2244,2251,60109,57282,448736,430567,76768,73413,58660,55998,28530,27203,6316,6266
R,12,2025,2,3670785,1876656,1794129,1216875,1161208,298115,288675,48782,46674,121317,114494,6996,6961,184571,176117,1389684,1325829,387657,374789,100238,95879,186526,176328,17637,17076,1318613,1257993,817035,776658,250333,242857,11613,11288,110495,104014,4724,4620,124413,118556,934144,888111,310180,300613,40218,38402,157976,148963,11295,10702,558043,536136,399840,384550,47782,45818,37169,35386,10822,10480,2272,2341,60158,57561,455540,437718,77477,74176,60020,57477,28550,27365,6342,6374
R,12,2025,3,3771622,1925124,1846498,1247363,1193315,308620,299465,48530,47184,126471,120031,7346,7091,186794,179412,1422250,1361008,399235,387119,100404,97128,192598,183203,18073,17363,1363292,1303344,842622,802356,261108,253546,12119,11621,115615,109538,4885,4573,126943,121710,962086,916752,322092,312735,41257,39404,164211,155841,11587,10815,561832,543154,404741,390959,47512,45919,36411,35563,10856,10493,2461,2518,59851,57702,460164,444256,77143,74384,59147,57724,28387,27362,6486,6548
R,12,2025,4,3777014,1929155,1847859,1253109,1195402,310350,302531,46079,44326,126178,120098,6870,6620,186569,178882,1427788,1362598,400846,389915,97824,94044,192274,183130,17572,16839,1387867,1324524,862875,817708,264913,258476,12404,11846,116077,110262,4624,4400,126974,121832,982354,932206,325856,317662,41501,39632,164782,156696,11331,10658,541288,523335,390234,377694,45437,44055,33675,32480,10101,9836,2246,2220,59595,57050,445434,430392,74990,72253,56323,54412,27492,26434,6241,6181
R,12,2025,5,3774696,1928540,1846156,1252612,1194404,310217,301434,46658,44770,128703,122560,6790,6427,183560,176561,1424499,1359502,399417,387857,97330,93648,193732,184693,17299,16485,1395107,1333043,865052,821609,267400,260237,13195,12732,118939,112972,4744,4436,125777,121057,983418,935419,327908,319190,41943,40283,167114,159011,11375,10638,533433,513113,387560,372795,42817,41197,33463,32038,9764,9588,2046,1991,57783,55504,441081,424083,71509,68667,55387,53365,26618,25682,5924,5847
R,12,2025,6,3870456,1974769,1895687,1298696,1240258,306553,300516,48232,46234,129727,124066,7189,6820,184372,177793,1471306,1406465,395630,387074,99278,95600,195210,186768,17871,16951,1445863,1384612,912226,866103,265777,261320,14741,14298,120269,114828,5016,4856,127834,123207,1032467,981837,326976,321048,44135,42588,169291,161652,11853,11245,528906,511075,386470,374155,40776,39196,33491,31936,9458,9238,2173,1964,56538,54586,438839,424628,68654,66026,55143,53012,25919,25116,6018,5706
R,12,2025,7,3922632,2000810,1921822,1320686,1262460,311482,304865,49223,47739,129407,124334,7323,6923,182689,175501,1491706,1426487,399346,389724,100261,96748,194081,186314,18118,17057,1469324,1407538,930839,885113,270831,265703,15128,14717,120083,115199,5176,4956,127267,121850,1050510,999518,331747,324487,44517,42751,168694,161501,12088,11410,531486,514284,389847,377347,40651,39162,34095,33022,9324,9135,2147,1967,55422,53651,441196,426969,67599,65237,55744,53997,25387,24813,6030,5647
R,12,2025,8,3986325,2035960,1950365,1346725,1284823,316825,308790,50408,48228,133046,127449,7561,6894,181395,174181,1516277,1447453,403236,392831,101913,97702,197259,188491,18468,17102,1497459,1429320,948726,900206,276616,269454,16004,15274,123775,118390,5411,4908,126927,121088,1067881,1013850,336794,327783,45938,43625,172178,164064,12487,11358,538501,521045,397999,384617,40209,39336,34404,32954,9271,9059,2150,1986,54468,53093,448396,433603,66442,65048,55975,54077,25081,24427,5981,5744
R,12,2025,9,4079190,2082503,1996687,1387489,1324005,316902,310066,52373,50535,135788,129869,7604,7190,182347,175022,1557757,1487320,402605,393413,105255,101492,200203,191092,18623,17640,1530027,1463337,978170,928844,276179,270371,16403,16043,126277,120795,5396,5132,127602,122152,1097908,1043406,335920,328523,47136,45614,174819,166677,12477,11816,552476,533350,409319,395161,40723,39695,35970,34492,9511,9074,2208,2058,54745,52870,459849,443914,66685,64890,58119,55878,25384,24415,6146,5824
R,12,2025,10,4110546,2100022,2010524,1404646,1338621,320816,312055,52437,51317,134170,128037,7469,7239,180484,173255,1573285,1500256,405303,394347,105701,102299,197438,188206,18305,17592,1543771,1473605,990028,939093,280392,272473,16683,16146,124763,119068,5317,5128,126588,121697,1108866,1053174,339541,330447,47858,45890,172404,164390,12316,11803,556251,536919,414618,399528,40424,39582,35754,35171,9407,8969,2152,2111,53896,51558,464419,447082,65762,63900,57843,56409,25034,23816,5989,5789
R,12,2025,11,4121331,2105735,2015596,1410961,1344325,320565,312030,53071,51549,136164,129507,7450,7264,177524,170921,1576794,1503774,403109,392851,106269,102860,198204,188225,18048,17364,1553049,1482390,998014,946933,280483,272680,16860,16264,126833,120846,5326,5151,125533,120516,1115824,1059906,338731,329917,48351,46401,173934,165215,12277,11737,552686,533206,412947,397392,40082,39350,36211,35285,9331,8661,2124,2113,51991,50405,460970,443868,64378,62934,57918,56459,24270,23010,5771,5627
R,12,2025,12,4088329,2088570,1999759,1401365,1338291,318468,309651,53983,51336,133988,127120,7509,7130,173257,166231,1563108,1493235,398550,387592,106866,102267,194166,184046,18026,17118,1540299,1469982,991311,941557,279054,271193,16914,16214,124866,118466,5326,4998,122828,117554,1106526,1051680,335820,326666,48364,46384,170606,161486,12218,11494,548271,529777,410054,396734,39414,38458,37069,35122,9122,8654,2183,2132,50429,48677,456582,441555,62730,60926,58502,55883,23560,22560,5808,5624
R,12,2025,13,4125428,2106698,2018730,1415426,1352291,320379,310986,54570,52157,137730,130659,7590,7206,171003,165431,1574801,1506353,398898,387558,107753,103830,196908,187230,17982,17176,1553476,1483455,1000147,949709,280701,272863,17108,16458,128721,122035,5368,5062,121431,117328,1113920,1059465,336484,327422,48830,47205,173810,165068,12215,11655,553222,535275,415279,402582,39678,38123,37462,35699,9009,8624,2222,2144,49572,48103,460881,446888,62414,60136,58923,56625,23098,22162,5767,5521
R,12,2025,14,4154447,2124935,2029512,1435113,1365477,324157,313722,55203,53209,133297,126383,7474,7239,169691,163482,1593266,1517673,401639,388829,109069,105115,191299,182046,17834,17191,1562269,1487744,1010877,957569,283989,275274,17153,16375,124213,117739,5269,4975,120768,115812,1123975,1065829,339358,328784,49518,47347,168365,160034,12141,11522,562666,541768,424236,407908,40168,38448,38050,36834,9084,8644,2205,2264,48923,47670,469291,451844,62281,60045,59551,57768,22934,22012,5693,5669
R,12,2025,15,4252664,2174672,2077992,1473745,1403191,332733,321252,56087,53591,132592,126695,7477,7315,172038,165948,1634122,1557749,410716,397392,111869,107427,190664,182206,17866,17306,1591325,1517807,1028956,976312,293194,282821,17199,16925,123764,118274,5288,5052,122924,118423,1144062,1087023,349068,337444,50906,49481,168269,160755,12272,11677,583347,560185,444789,426879,39539,38431,38888,36666,8828,8421,2189,2263,49114,47525,490060,470726,61648,59948,60963,57946,22395,21451,5594,5629
R,12,2025,16,4302059,2200636,2101423,1497328,1422918,336139,324950,56118,53696,132099,126923,7507,7259,171445,165677,1656961,1577129,414027,401669,111517,106973,189917,181802,17914,17355,1605812,1532563,1038578,984629,296733,287000,17678,17146,123624,118637,5216,4880,123983,120271,1154555,1097037,353537,343074,51683,50211,168381,161158,12250,11752,594824,568860,458750,438289,39406,37950,38440,36550,8475,8286,2291,2379,47462,45406,502406,480092,60490,58595,59834,56762,21536,20644,5664,5603
R,12,2025,17,4467273,2286961,2180312,1560245,1479152,349463,336924,58685,55520,136956,131341,7578,7339,174034,170036,1722098,1637268,428360,415020,115850,111865,194687,186821,18493,17559,1664442,1588085,1078081,1020745,308136,298520,18347,17690,128217,122824,5144,4945,126517,123361,1196123,1135959,366091,355918,53829,52626,173178,165757,12529,11879,622519,592227,482164,458407,41327,38404,40338,37830,8739,8517,2434,2394,47517,46675,525975,501309,62269,59102,62021,59239,21509,21064,5964,5680
R,12,2025,18,4514588,2311330,2203258,1580543,1500257,348530,336450,60951,57432,141167,134415,7699,7436,172440,167268,1740765,1655539,425948,412322,119582,113971,197796,189197,18335,17709,1678412,1601581,1089821,1033322,307436,297877,18516,17913,132265,126035,5141,5097,125233,121337,1206646,1146472,363950,353415,55002,53047,176422,168448,12448,12043,632918,601677,490722,466935,41094,38573,42435,39519,8902,8380,2558,2339,47207,45931,534119,509067,61998,58907,64580,60924,21374,20749,5887,5666
R,12,2025,19,4499108,2306941,2192167,1582367,1496485,344140,331983,62163,56816,142604,136661,7677,7361,167990,162861,1738302,1647667,418243,404649,120218,112748,197997,189776,18069,17344,1673721,1595512,1091138,1031953,303761,293762,18262,17605,133711,128413,5145,5014,121704,118765,1204576,1142701,357656,347470,54219,52651,177047,169782,12231,11808,633220,596655,491229,464532,40379,38221,43901,39211,8893,8248,2532,2347,46286,44096,533726,504966,60587,57179,65999,60097,20950,19994,5838,5536
R,12,2025,20,4477484,2296847,2180637,1582548,1491738,335836,325315,62085,57276,146510,142659,7841,7469,162027,156180,1732968,1636549,405883,393966,119342,112036,199864,193954,17704,17005,1668691,1591546,1093730,1031618,296376,288158,18077,17584,138051,134766,5297,5182,117160,114238,1202928,1137923,347213,338814,53732,52038,179828,175043,12010,11798,628156,589091,488818,460120,39460,37157,44008,39692,8459,7893,2544,2287,44867,41942,530040,498626,58670,55152,65610,59998,20036,18911,5694,5207
R,12,2025,21,4499345,2307971,2191374,1593127,1503156,335038,323478,62177,55986,152132,148666,7951,7304,157546,152784,1739152,1644801,402317,389877,118627,110756,204274,198333,17766,16635,1684244,1606192,1105607,1044469,296403,286965,18227,17112,143736,140836,5454,5132,114817,111678,1212409,1148302,345294,335770,53954,51858,184800,180025,12240,11582,623727,585182,487520,458687,38635,36513,43950,38874,8396,7830,2497,2172,42729,41106,526743,496499,57023,54107,64673,58898,19474,18308,5526,5053
R,12,2025,22,4510022,2313958,2196064,1600859,1508497,333481,323007,61750,55710,156481,152953,7947,7251,153440,148646,1743036,1646249,397846,386501,118233,110040,206751,201333,17469,16317,1694903,1615353,1116201,1052690,295211,286816,17868,16936,148483,145209,5467,5112,111673,108590,1220050,1153688,342216,333442,53536,51548,188088,183148,12038,11472,619055,580711,484658,455807,38270,36191,43882,38774,7998,7744,2480,2139,41767,40056,522986,492561,55630,53059,64697,58492,18663,18185,5431,4845
R,12,2025,23,4549660,2326155,2223505,1603111,1522812,340798,333836,61684,56105,165870,160248,7834,7440,146858,143064,1739007,1654791,401701,394758,116586,109001,213975,206585,17081,16358,1708116,1641257,1117814,1064782,302107,297199,17790,16979,157923,152537,5562,5232,106920,104528,1216948,1161532,346603,341969,52552,50639,195732,189032,12053,11458,618039,582248,485297,458030,38691,36637,43894,39126,7947,7711,2272,2208,39938,38536,522059,493259,55098,52789,64034,58362,18243,17553,5028,4900
R,12,2025,24,4742017,2405801,2336216,1652695,1597941,357909,356375,60869,56044,184538,177999,8060,7996,141730,139861,1783042,1726694,416957,416065,113526,106823,231156,223934,17513,17223,1784098,1745669,1163201,1131610,317874,318448,17681,17495,176472,169920,5762,5662,103108,102534,1258232,1226188,360778,362421,51051,49812,213270,206407,12397,12247,621703,590547,489494,466331,40035,37927,43188,38549,8066,8079,2298,2334,38622,37327,524810,500506,56179,53644,62475,57011,17886,17527,5116,4976
R,12,2025,25,4961726,2511763,2449963,1725603,1674499,374941,375181,61898,56717,202706,197766,8732,8548,137883,137252,1852174,1800334,431779,433854,113149,105861,248523,243611,18076,17717,1881146,1849757,1227609,1199109,334372,336262,18198,17684,194229,189391,6420,6067,100318,101244,1319866,1292139,375586,379526,50468,49111,230583,226074,13103,12604,630617,600206,497994,475390,40569,38919,43700,39033,8477,8375,2312,2481,37565,36008,532308,508195,56193,54328,62681,56750,17940,17537,4973,5113
R,12,2025,26,4802241,2432437,2369804,1685859,1630284,353681,355745,59146,53627,195534,192260,8506,8245,129711,129643,1804724,1749253,406918,410861,107951,100457,238242,235190,17405,16841,1826476,1793214,1205607,1172141,315306,318533,17371,16746,187408,184264,6273,5825,94511,95705,1292377,1260137,354036,359361,48180,46699,221461,218667,12593,11904,605961,576590,480252,458143,38375,37212,41775,36881,8126,7996,2233,2420,35200,33938,512347,489116,52882,51500,59771,53758,16781,16523,4812,4937
R,12,2025,27,4717329,2387800,2329529,1658635,1600812,344831,347471,57919,52588,192169,194042,8302,8131,125944,126485,1774002,1716990,395618,400746,105806,99113,233602,235401,16985,16381,1795072,1765519,1189091,1152289,307302,311591,16678,15975,184047,185995,6041,5784,91913,93885,1273380,1238748,344273,351116,46950,45984,217214,219376,12279,11744,592728,564010,469544,448523,37529,35880,41241,36613,8122,8047,2261,2347,34031,32600,500622,478242,51345,49630,58856,53129,16388,16025,4706,4637
R,12,2025,28,4550429,2302434,2247995,1599469,1539866,328752,331600,55951,50521,191525,197482,7903,7604,118834,120922,1708365,1650751,376083,381781,101637,95721,230868,237131,15896,15334,1730622,1705004,1145969,1107575,292940,297615,15715,15104,183739,189725,5751,5473,86508,89512,1225343,1189773,327019,334788,44588,44015,215326,221904,11507,11062,571812,542991,453500,432291,35812,33985,40236,35417,7786,7757,2152,2131,32326,31410,483022,460978,49064,46993,57049,51706,15542,15227,4389,4272
R,12,2025,29,4515188,2281186,2234002,1589501,1529267,320462,326827,56082,50198,191218,201475,7748,7363,116175,118872,1695716,1638145,366019,375407,101308,95347,229624,240381,15779,15159,1712943,1695617,1138758,1101176,285013,293173,15387,14672,183673,193765,5621,5447,84491,87384,1216201,1181347,317662,328935,43631,43276,214786,225234,11435,11060,568243,538385,450743,428091,35449,33654,40695,35526,7545,7710,2127,1916,31684,31488,479515,456798,48357,46472,57677,52071,14838,15147,4344,4099
R,12,2025,30,4536385,2287550,2248835,1595222,1540257,323426,331401,56385,50373,191216,202800,7772,7439,113529,116565,1698858,1646690,367604,378901,101341,95574,228504,240387,15713,15338,1722105,1708758,1147538,1111008,287749,296888,15391,14672,183466,194872,5685,5553,82276,85765,1222690,1189516,319255,331566,43668,43499,213612,225429,11463,11296,565445,540077,447684,429249,35677,34513,40994,35701,7750,7928,2087,1886,31253,30800,476168,457174,48349,47335,57673,52075,14892,14958,4250,4042
R,12,2025,31,4549849,2287814,2262035,1596471,1546550,325963,340642,55485,50473,190930,201249,7759,7493,111206,115628,1697753,1652159,368475,386983,100550,96363,227247,238375,15758,15270,1730810,1726448,1155022,1121213,290976,306072,15381,14815,183322,193620,5734,5514,80375,85214,1228239,1199064,321216,339894,43531,44375,212807,223921,11574,11215,557004,535587,441449,425337,34987,34570,40104,35658,7608,7629,2025,1979,30831,30414,469514,453095,47259,47089,57019,51988,14440,14454,4184,4055
R,12,2025,32,4591665,2306450,2285215,1611103,1560608,330188,348668,55909,51058,193818,203456,7827,7390,107605,114035,1708819,1664602,370823,394057,99639,97337,229368,239704,15774,15063,1754583,1752625,1172680,1137758,295624,314342,15672,15340,186467,195797,5739,5359,78401,84029,1243917,1214576,324660,347194,43284,45446,215462,225330,11568,10995,551867,532590,438423,422850,34564,34326,40237,35718,7351,7659,2088,2031,29204,30006,464902,450026,46163,46863,56355,51891,13906,14374,4206,4068
R,12,2025,33,4676036,2346913,2329123,1643864,1595009,334319,355309,57112,52173,196166,205561,7626,7439,107826,113632,1741942,1698700,373925,398968,102456,99820,231303,241465,15517,15119,1792097,1793302,1203033,1169597,299704,320423,16341,15824,188846,198097,5694,5416,78479,83945,1274426,1246277,327757,351935,45279,47172,217491,227533,11484,11038,554816,535821,440831,425412,34615,34886,40771,36349,7320,7464,1932,2023,29347,29687,467516,452423,46168,47033,57177,52648,13812,13932,4033,4081
R,12,2025,34,4734505,2367303,2367202,1662890,1622504,336238,363445,56959,51815,198289,208830,7955,7538,104972,113070,1758009,1725257,374329,406415,101713,99953,232470,244796,15832,15333,1820216,1838376,1228810,1204147,301646,327746,16652,16286,191013,201269,5953,5633,76142,83295,1297866,1279944,328382,358410,45069,47894,218946,230628,11808,11441,547087,528826,434080,418357,34592,35699,40307,35529,7276,7561,2002,1905,28830,29775,460143,445313,45947,48005,56644,52059,13524,14168,4024,3892
R,12,2025,35,4829377,2415327,2414050,1703719,1660043,340005,368069,57659,52704,202221,213179,7845,7743,103878,112312,1797826,1762441,376591,409551,102683,102098,236547,248269,15633,15416,1865101,1883768,1266559,1240334,305549,332586,16903,16585,194865,205839,5821,5741,75404,82683,1334943,1315841,330875,361944,45583,49213,223069,234585,11597,11434,550226,530282,437160,419709,34456,35483,40756,36119,7356,7340,2024,2002,28474,29629,462883,446600,45716,47607,57100,52885,13478,13684,4036,3982
R,12,2025,36,4722495,2358490,2364005,1665650,1625262,331285,359938,55066,51057,198947,212520,7713,7278,99829,107950,1756324,1723252,365765,399144,99069,99406,231503,246307,15113,14704,1836502,1855111,1250734,1221535,298569,326156,16420,16410,192063,205559,5778,5432,72938,80019,1316948,1294139,322443,353983,44914,48846,218997,233469,11390,11124,521988,508894,414916,403727,32716,33782,38646,34647,6884,6961,1935,1846,26891,27931,439376,429113,43322,45161,54155,50560,12506,12838,3723,3580
R,12,2025,37,4635896,2306727,2329169,1638693,1610352,315183,346791,54055,50578,196120,210465,7390,7318,95286,103665,1725016,1704501,347352,383797,96389,97828,227449,242844,14558,14358,1797330,1830153,1232926,1214065,284042,313984,16139,16098,189312,203658,5463,5406,69448,76942,1295798,1284023,306282,339974,43309,47944,215289,230448,10914,10760,509397,499016,405767,396287,31141,32807,37916,34480,6808,6807,1927,1912,25838,26723,429218,420478,41070,43823,53080,49884,12160,12396,3644,3598
R,12,2025,38,4540682,2260701,2279981,1617368,1584777,303820,334720,52631,48689,188120,203696,7267,7071,91495,101028,1700209,1676682,334321,370253,94255,95619,217768,234832,14266,13989,1764064,1793489,1220688,1197677,273627,303314,15551,15356,181613,197067,5393,5209,67192,74866,1281420,1265826,294848,328328,42664,46979,206326,222893,10782,10418,496637,486492,396680,387100,30193,31406,37080,33333,6507,6629,1874,1862,24303,26162,418789,410856,39473,41925,51591,48640,11442,11939,3484,3571
R,12,2025,39,4530228,2253817,2276411,1620643,1591784,299329,330321,52144,49082,184955,200340,7209,6937,89537,97947,1701743,1680606,328338,364120,93604,96081,214198,230124,14116,13533,1760533,1793538,1226177,1207066,269560,299496,15326,15333,178533,193839,5411,5120,65526,72684,1285502,1272957,289409,323257,42324,47218,202839,218571,10680,10146,493284,482873,394466,384718,29769,30825,36818,33749,6422,6501,1798,1817,24011,25263,416241,407649,38929,40863,51280,48863,11359,11553,3436,3387
R,12,2025,40,4555650,2266539,2289111,1636083,1606338,298093,329214,52673,49105,184067,200705,7058,6932,88565,96817,1716240,1694361,326432,361528,94826,96398,212369,229834,13793,13689,1773277,1807759,1241528,1221596,268952,299444,15008,15590,177765,194197,5313,5248,64711,71684,1300058,1286791,288201,321768,42698,47936,201331,218344,10391,10383,493262,481352,394555,384742,29141,29770,37665,33515,6302,6508,1745,1684,23854,25133,416182,407570,38231,39760,52128,48462,11038,11490,3402,3306
R,12,2025,41,4450007,2208498,2241509,1597861,1575689,286373,319928,51187,48446,181854,198049,6827,6729,84396,92668,1674178,1659532,312417,350516,92031,94836,208812,225685,13460,13261,1733067,1770403,1217045,1198387,258861,291283,14724,15207,175631,191895,5107,5033,61699,68598,1272762,1260490,276647,312383,41576,46910,198033,214751,10201,10029,475431,471106,380816,377302,27512,28645,36463,33239,6223,6154,1720,1696,22697,24070,401416,399042,35770,38133,50455,47926,10779,10934,3259,3232
R,12,2025,42,4404118,2181479,2222639,1582965,1564951,282087,316417,50852,47901,176764,195230,6692,6724,82119,91416,1657042,1647619,307484,345868,91468,95013,202445,221874,13085,13187,1713024,1754888,1207407,1189373,254868,288404,14712,14991,170933,189287,5011,5024,60093,67809,1261505,1250635,272165,308880,41630,47502,192213,211298,9902,9967,468455,467751,375558,375578,27219,28013,36140,32910,5831,5943,1681,1700,22026,23607,395537,396984,35319,36988,49838,47511,10232,10576,3183,3220
R,12,2025,43,4440178,2193406,2246772,1595915,1586129,283691,318888,51246,48740,174332,194867,6491,6689,81731,91459,1669832,1668810,308725,348272,92541,96735,199135,220906,12896,13046,1722218,1771532,1217464,1203866,256600,290602,14938,15290,168519,188801,4809,4978,59888,67995,1271525,1265324,273766,311042,42426,48637,189111,210279,9756,9839,471188,475240,378451,382263,27091,28286,36308,33450,5813,6066,1682,1711,21843,23464,398307,403486,34959,37230,50115,48098,10024,10627,3140,3207
R,12,2025,44,4338523,2139267,2199256,1563439,1558105,276194,312232,49477,47317,165112,186974,6373,6344,78672,88284,1634297,1637866,300024,340696,89960,94148,188608,211709,12403,12550,1685476,1736943,1198895,1186195,250334,284833,14238,14696,159512,181088,4724,4662,57773,65469,1250817,1245413,266745,304604,41389,47134,179014,201462,9355,9343,453791,462313,364544,371910,25860,27399,35239,32621,5600,5886,1649,1682,20899,22815,383480,392453,33279,36092,48571,47014,9594,10247,3048,3207
R,12,2025,45,4400441,2173330,2227111,1588220,1576326,286583,322317,50888,48306,162224,185081,6633,6566,78782,88515,1659185,1656254,310558,350520,91732,96088,185451,209356,12755,12696,1706396,1756219,1211864,1196876,260679,294542,14810,15068,156462,179128,4872,4865,57709,65740,1263717,1256174,277078,314230,42231,48414,175666,199138,9619,9522,466934,470892,376356,379450,25904,27775,36078,33238,5762,5953,1761,1701,21073,22775,395468,400080,33480,36290,49501,47674,9785,10218,3136,3174
R,12,2025,46,4212998,2076548,2136450,1519809,1513217,273230,308725,47974,46056,154825,178288,6139,6229,74571,83935,1587080,1588831,295557,335748,87376,91349,176251,201218,11773,12017,1636956,1688572,1164900,1152127,249149,282372,13975,14417,149561,172816,4594,4569,54777,62271,1214230,1208231,264373,300903,40636,46138,167378,191717,8964,8982,439592,447878,354909,361090,24081,26353,33999,31639,5264,5472,1545,1660,19794,21664,372850,380600,31184,34845,46740,45211,8873,9501,2809,3035
R,12,2025,47,4056343,1994473,2061870,1462921,1463852,260564,294729,45807,44678,148558,172787,5886,5824,70737,80000,1526646,1536009,281564,319933,83644,88286,168860,194558,11018,11239,1570343,1627280,1119427,1112761,237688,269686,13288,13780,143495,167280,4406,4250,52039,59523,1166230,1166392,252095,287154,39022,44408,160299,185266,8339,8412,424130,434590,343494,351091,22876,25043,32519,30898,5063,5507,1480,1574,18698,20477,360416,369617,29469,32779,44622,43878,8561,9292,2679,2827
R,12,2025,48,4021842,1973195,2048647,1454997,1461278,253612,289827,45317,44451,144360,168853,5597,5915,69312,78323,1517538,1531861,274014,314216,83092,87784,163934,190109,10681,11196,1555557,1616374,1115252,1110245,231958,265425,13534,14260,139442,163645,4194,4341,51177,58458,1161332,1162879,245790,282398,39367,44823,155837,181220,8104,8415,417638,432273,339745,351033,21654,24402,31783,30191,4918,5208,1403,1574,18135,19865,356206,368982,28224,31818,43725,42961,8097,8889,2577,2781
R,12,2025,49,3875898,1900425,1975473,1397974,1407817,242330,277284,43512,42175,144677,168066,5420,5455,66512,74676,1457815,1475039,261161,300236,79995,84123,163540,188099,10478,10416,1496010,1554138,1068301,1064005,221289,254253,13081,13360,140019,162919,4078,4037,49242,55564,1112480,1113911,234142,270113,38071,42825,155869,179537,7995,7874,404415,421335,329673,343812,21041,23031,30431,28815,4658,5147,1342,1418,17270,19112,345335,361128,27019,30123,41924,41298,7671,8562,2483,2542
R,12,2025,50,3864552,1894564,1969988,1394945,1404843,241936,276181,42534,41767,146262,169647,5136,5392,63751,72158,1452343,1469764,260091,297958,78180,82478,163722,188943,9615,10176,1497458,1556107,1070202,1065645,221459,254086,12852,13522,141656,164657,3901,4012,47388,54185,1112775,1114373,233961,269277,37655,42445,156199,180723,7386,7699,397106,413881,324743,339198,20477,22095,29682,28245,4606,4990,1235,1380,16363,17973,339568,355391,26130,28681,40525,40033,7523,8220,2229,2477
R,12,2025,51,3840903,1882545,1958358,1391234,1403998,237760,270876,41516,40916,144906,166848,5000,5155,62129,70565,1447113,1467591,255110,291694,76561,81335,161869,185586,9467,9591,1496357,1552837,1074308,1070764,218403,249711,12872,13329,140473,162079,3787,3810,46514,53144,1116071,1118514,230606,264347,37367,42248,154697,177753,7223,7234,386188,405521,316926,333234,19357,21165,28644,27587,4433,4769,1213,1345,15615,17421,331042,349077,24504,27347,39194,39087,7172,7833,2244,2357
R,12,2025,52,3791241,1852825,1938416,1368168,1387510,235660,269735,39798,39819,144060,167729,4881,5128,60258,68495,1422363,1448993,252253,289881,73927,78983,160627,186045,9119,9598,1483010,1546819,1063949,1064905,217449,249437,12492,13407,139894,163108,3692,3785,45534,52177,1104716,1111682,229042,263659,36794,41886,153870,178486,7045,7256,369815,391597,304219,322605,18211,20298,27306,26412,4166,4621,1189,1343,14724,16318,317647,337311,23211,26222,37133,37097,6757,7559,2074,2342
R,12,2025,53,3932066,1918084,2013982,1420420,1446721,244958,281481,40969,40119,145536,170911,4898,5086,61303,69664,1475576,1509338,261406,301687,76471,80598,161918,188976,9226,9643,1547035,1619566,1114853,1121153,227028,261049,13274,13709,141332,166270,3719,3788,46829,53597,1156841,1169180,238718,275569,38964,43478,155195,181580,7151,7395,371049,394416,305567,325568,17930,20432,27695,26410,4204,4641,1179,1298,14474,16067,318735,340158,22688,26118,37507,37120,6723,7396,2075,2248
R,12,2025,54,4106991,2004009,2102982,1507928,1534297,249254,287875,39279,40069,140271,164272,4965,4921,62312,71548,1563995,1598883,265798,308058,76006,82761,156388,181953,9351,9452,1642083,1716782,1208636,1215214,231765,268280,13500,14202,136096,159733,3753,3734,48333,55619,1252057,1265290,243674,282884,40648,46321,149860,174695,7273,7317,361926,386200,299292,319083,17489,19595,25779,25867,4175,4539,1212,1187,13979,15929,311938,333593,22124,25174,35358,36440,6528,7258,2078,2135
R,12,2025,55,4262209,2081801,2180408,1574221,1602253,258130,295311,40004,39736,140924,165537,4907,5068,63615,72503,1631588,1667493,274894,315723,78239,83607,156535,183020,9338,9781,1717047,1797976,1272582,1285832,240338,275744,13825,14580,136837,161112,3753,3884,49712,56824,1317326,1336806,252579,290775,42485,47968,150150,175850,7323,7679,364754,382432,301639,316421,17792,19567,26179,25156,4087,4425,1154,1184,13903,15679,314262,330687,22315,24948,35754,35639,6385,7170,2015,2102
R,12,2025,56,4085053,1989489,2095564,1515233,1550119,240024,277162,37181,37942,133411,157512,4670,4919,58970,67910,1568503,1611338,255171,295870,72933,79577,147944,173612,8896,9327,1643190,1729484,1227555,1246551,223467,258851,13012,13993,129623,153352,3614,3790,45919,52947,1268916,1294191,234381,272400,39823,45606,142006,166875,7033,7322,346299,366080,287678,303568,16557,18311,24169,23949,3788,4160,1056,1129,13051,14963,299587,317147,20790,23470,33110,33971,5938,6737,1863,2005
R,12,2025,57,3962658,1927756,2034902,1465824,1503817,235034,271597,36814,36312,130251,154406,4330,4798,55503,63972,1515845,1561366,249322,289218,70745,75933,143607,169155,8235,8931,1594408,1684526,1188838,1212528,219217,254032,12966,13792,126729,150479,3350,3667,43308,50028,1227782,1257418,229534,266747,38636,44168,138040,162939,6499,6991,333348,350376,276986,291289,15817,17565,23848,22520,3522,3927,980,1131,12195,13944,288063,303948,19788,22471,32109,31765,5567,6216,1736,1940
R,12,2025,58,3903310,1891802,2011508,1450387,1497299,230733,271198,34632,35289,118484,141351,4418,4601,53148,61770,1498419,1552933,244132,288396,67776,74053,130730,154912,8058,8635,1573355,1673433,1184903,1215696,215817,254113,12715,13764,115022,137626,3441,3578,41457,48656,1222252,1259434,225469,266708,37817,43776,125397,148939,6420,6817,318447,338075,265484,281603,14916,17085,21917,21525,3462,3725,977,1023,11691,13114,276167,293499,18663,21688,29959,30277,5333,5973,1638,1818
R,12,2025,59,3932319,1901609,2030710,1461522,1517320,233653,275968,34018,34707,115877,136921,4448,4666,52091,61128,1508269,1572276,247105,292744,66742,73540,127684,150000,8129,8612,1589030,1699987,1200063,1241117,219069,259507,12880,14048,112588,133353,3452,3632,40978,48330,1236752,1284501,228794,271854,38001,44262,122565,144345,6466,6797,312579,330723,261459,276203,14584,16461,21138,20659,3289,3568,996,1034,11113,12798,271517,287775,18311,20890,28741,29278,5119,5655,1663,1815
R,12,2025,60,4075634,1967391,2108243,1516276,1579751,241731,285844,34654,35567,117126,140084,4381,4742,53223,62255,1564081,1635629,255196,302866,68503,75258,128888,153398,8145,8750,1656578,1778589,1256391,1304465,226924,269337,13677,14895,113913,136543,3436,3708,42237,49641,1294213,1348935,236844,281952,39924,46079,123934,147775,6534,6981,310813,329654,259885,275286,14807,16507,20977,20672,3213,3541,945,1034,10986,12614,269868,286694,18352,20914,28579,29179,4954,5623,1611,1769
R,12,2025,61,4218999,2027194,2191805,1577619,1660964,242164,289062,34036,34842,116156,139421,4080,4611,53139,62905,1625511,1717589,254993,305689,68603,76106,127528,152219,7713,8526,1730044,1870685,1328294,1391366,228526,273116,13918,15409,113141,136132,3208,3631,42957,51031,1366932,1437224,238127,285682,41436,48607,122862,147023,6196,6876,297150,321120,249325,269598,13638,15946,20118,19433,3015,3289,872,980,10182,11874,258579,280365,16866,20007,27167,27499,4666,5196,1517,1650
R,12,2025,62,4216697,2022275,2194422,1578277,1670721,236220,282363,32940,33789,118181,140960,3974,4467,52683,62122,1625751,1726628,248880,298561,67606,74518,129263,153577,7456,8402,1737518,1884726,1339296,1410647,223042,267151,14073,15214,115300,137720,3168,3507,42639,50487,1377609,1455992,232553,279494,41697,48035,124826,148475,6053,6751,284757,309696,238981,260074,13178,15212,18867,18575,2881,3240,806,960,10044,11635,248142,270636,16327,19067,25909,26483,4437,5102,1403,1651
R,12,2025,63,4199185,2008254,2190931,1577682,1680413,231123,279166,31571,32969,113158,133252,4037,4475,50683,60656,1623424,1735042,243095,294851,64867,73268,123889,145349,7467,8204,1736532,1893414,1348867,1429754,218846,265076,13691,15163,110374,130118,3228,3585,41526,49718,1386265,1474444,227885,277106,40609,47972,119684,140452,6136,6648,271722,297517,228815,250659,12277,14090,17880,17806,2784,3134,809,890,9157,10938,237159,260598,15210,17745,24258,25296,4205,4897,1331,1556
R,12,2025,64,4168025,1987296,2180729,1579955,1690928,223065,272416,29825,31903,100818,122217,3871,4133,49762,59132,1624836,1744177,234745,287620,62926,71573,111199,133699,7065,7764,1733527,1900494,1366113,1454695,211578,259256,13496,15206,98371,119357,3124,3291,40845,48689,1402845,1498450,220489,270949,40303,47682,107402,129218,5830,6278,253769,280235,213842,236233,11487,13160,16329,16697,2447,2860,747,842,8917,10443,221991,245727,14256,16671,22623,23891,3797,4481,1235,1486
R,12,2025,65,4195918,1993793,2202125,1580396,1703420,226410,276022,29608,31911,104560,128335,3754,4192,49065,58245,1624733,1755756,238106,290958,62172,70899,114606,139712,6945,7752,1742986,1923016,1368771,1467763,215120,263132,13347,15209,102156,125462,3053,3380,40539,48070,1405322,1510895,224094,274689,39953,47151,110935,135250,5698,6322,250807,279109,211625,235657,11290,12890,16261,16702,2404,2873,701,812,8526,10175,219411,244861,14012,16269,22219,23748,3671,4462,1247,1430
R,12,2025,66,4065257,1923603,2141654,1534636,1665629,213669,265680,27636,29921,98177,121484,3463,3846,46022,55094,1576063,1715245,224218,279742,58337,66976,107885,132120,6448,7125,1694412,1883279,1341095,1447681,203392,253493,12837,14455,95943,118846,2835,3144,38310,45660,1375507,1488675,211599,264498,38034,44988,104465,128035,5349,5862,229191,258375,193541,217948,10277,12187,14799,15466,2234,2638,628,702,7712,9434,200556,226570,12619,15244,20303,21988,3420,4085,1099,1263
R,12,2025,67,3987448,1879548,2107900,1502225,1642352,206786,258321,25641,28491,97808,121998,3320,3671,43768,53067,1541650,1690074,216949,271942,55153,64304,106666,132144,6034,6760,1665202,1862968,1321313,1435193,196855,246974,12185,14147,95726,119474,2712,3025,36411,44155,1354021,1474804,204764,257671,36449,43791,103525,128234,5012,5568,214346,244932,180912,207159,9931,11347,13456,14344,2082,2524,608,646,7357,8912,187629,215270,12185,14271,18704,20513,3141,3910,1022,1192
R,12,2025,68,3956639,1856330,2100309,1490993,1646141,199238,252530,25080,27288,95472,119681,3125,3480,42422,51189,1529174,1692226,209012,265401,53662,62502,104123,129053,5806,6420,1650950,1862719,1316902,1444292,190177,241718,12053,13704,93584,117385,2605,2826,35629,42794,1348870,1482718,197902,251863,35805,43046,101240,125516,4897,5296,205380,237590,174091,201849,9061,10812,13027,13584,1888,2296,520,654,6793,8395,180304,209508,11110,13538,17857,19456,2883,3537,909,1124
R,12,2025,69,3820156,1784697,2035459,1438294,1596823,188586,243458,23339,25841,91726,117427,2948,3341,39804,48569,1474260,1640507,197749,255846,50224,59043,99693,126472,5468,6166,1592687,1810981,1275441,1406098,180077,233075,11310,13173,89903,115142,2443,2779,33513,40714,1305671,1442624,187300,242897,33719,40869,96944,122998,4567,5179,192010,224478,162853,190725,8509,10383,12029,12668,1823,2285,505,562,6291,7855,168589,197883,10449,12949,16505,18174,2749,3474,901,987
R,12,2025,70,3683962,1715817,1968145,1387202,1550419,176944,229943,22072,24465,89361,114756,2778,3215,37460,45347,1420946,1591061,185527,241527,47413,55401,96833,123270,5185,5919,1533915,1753482,1232866,1367622,168758,220170,10768,12412,87639,112653,2311,2615,31573,38010,1261240,1401561,175517,229312,31936,38212,94249,120117,4370,4929,181902,214663,154336,182797,8186,9773,11304,12053,1722,2103,467,600,5887,7337,159706,189500,10010,12215,15477,17189,2584,3153,815,990
R,12,2025,71,3573280,1655749,1917531,1345561,1518998,167383,220131,20362,23116,85376,109108,2643,3089,34424,43089,1376533,1557547,175412,231062,43675,52680,92173,117100,4835,5738,1487682,1715196,1202556,1346350,159907,211053,10186,11949,83834,107136,2195,2552,29004,36156,1228583,1378572,166241,219647,29629,36668,89870,114110,4088,4814,168067,202335,143005,172648,7476,9078,10176,11167,1542,1972,448,537,5420,6933,147950,178975,9171,11415,14046,16012,2303,2990,747,924
R,12,2025,72,3373808,1555048,1818760,1273727,1451705,151098,203131,18420,20824,77839,100500,2325,2721,31639,39879,1302234,1487543,158382,213308,40111,48079,83974,107786,4333,5113,1402609,1632422,1143587,1292028,144366,194835,9375,11071,76470,98762,1938,2261,26873,33465,1167776,1321989,150127,202890,27644,33867,81958,105133,3668,4332,152439,186338,130140,159677,6732,8296,9045,9753,1369,1738,387,460,4766,6414,134458,165554,8255,10418,12467,14212,2016,2653,665,781
R,12,2025,73,3262254,1497393,1764861,1232408,1413416,140967,193583,16915,19705,75808,98464,2229,2625,29066,37068,1258542,1446689,147798,203061,36728,45217,81466,105066,4109,4906,1356026,1589161,1111288,1262325,134700,185888,8795,10616,74561,96855,1893,2180,24789,31297,1133494,1290311,140196,193455,25594,32102,79606,102644,3508,4139,141367,175700,121120,151091,6267,7695,8120,9089,1247,1609,336,445,4277,5771,125048,156378,7602,9606,11134,13115,1860,2422,601,767
R,12,2025,74,3065639,1400457,1665182,1160180,1340441,129380,181506,15369,18098,66342,88158,1949,2366,27237,34613,1184669,1371526,135664,190451,34297,42271,71398,93964,3685,4398,1269682,1502326,1047580,1200257,123808,174404,8151,9769,65218,86721,1664,1950,23261,29225,1068405,1226391,128898,181494,24188,30255,69733,91777,3170,3711,130775,162856,112600,140184,5572,7102,7218,8329,1124,1437,285,416,3976,5388,116264,145135,6766,8957,10109,12016,1665,2187,515,687
R,12,2025,75,2906184,1319722,1586462,1086820,1269528,123297,174436,14593,17227,67576,90717,1893,2220,25543,32334,1109795,1298464,129361,182993,32105,39488,72326,96411,3518,4202,1195735,1427898,980227,1132776,117898,167513,7721,9234,66499,89304,1604,1869,21786,27202,999741,1157029,122759,174300,22587,27954,70725,94233,3037,3566,123987,158564,106593,136752,5399,6923,6872,7993,1077,1413,289,351,3757,5132,110054,141435,6602,8693,9518,11534,1601,2178,481,636
R,12,2025,76,2776682,1254762,1521920,1042040,1228205,110966,160845,13425,15602,63259,84916,1727,2036,23345,30316,1063092,1255322,116299,168737,29600,36660,67548,90025,3301,3919,1142197,1376774,944890,1102462,106296,154629,7228,8586,62245,83595,1465,1711,20073,25791,962934,1125439,110595,161025,21093,26513,66080,88089,2854,3349,112565,145146,97150,125743,4670,6216,6197,7016,1014,1321,262,325,3272,4525,100158,129883,5704,7712,8507,10147,1468,1936,447,570
R,12,2025,77,2674180,1203255,1470925,1006148,1196782,102358,149655,12247,14593,59018,79027,1598,1981,21886,28887,1025810,1222648,107444,157234,27467,34612,63019,83889,3039,3754,1099722,1335184,916444,1079164,98117,143965,6869,8142,58101,77758,1339,1682,18852,24473,933332,1100999,102280,150043,19893,25090,61690,81998,2626,3224,103533,135741,89704,117618,4241,5690,5378,6451,917,1269,259,299,3034,4414,92478,121649,5164,7191,7574,9522,1329,1891,413,530
R,12,2025,78,2685175,1204605,1480570,1024664,1228167,91991,136550,11560,13638,53605,72160,1475,1744,21310,28311,1043974,1253680,96737,143784,26600,33656,57290,76657,2821,3387,1107769,1352526,940457,1116754,88229,131169,6508,7713,52797,71061,1265,1481,18513,24348,957216,1138635,92125,137079,19532,24924,56092,75030,2482,2953,96836,128044,84207,111413,3762,5381,5052,5925,808,1099,210,263,2797,3963,86758,115045,4612,6705,7068,8732,1198,1627,339,434
R,12,2025,79,2224914,990352,1234562,840050,1020699,74723,113730,9559,11808,47010,63469,1276,1490,17734,23366,856141,1041744,78683,119677,21894,27948,50120,67404,2471,3011,906520,1120677,767036,921663,71388,108887,5388,6661,46331,62431,1088,1258,15289,19777,780899,939404,74586,113644,16000,20357,49103,65863,2152,2587,83832,113885,73014,99036,3335,4843,4171,5147,679,1038,188,232,2445,3589,75242,102340,4097,6033,5894,7591,1017,1541,319,424
R,12,2025,80,1838231,808369,1029862,680154,844233,64220,100147,7988,10375,40811,54577,1078,1415,14118,19115,692861,861308,67493,105233,17610,23409,43472,57866,2140,2714,734096,927025,615218,754529,61321,95865,4417,5648,40171,53661,915,1177,12054,16145,626020,768874,63928,99941,12602,16652,42511,56556,1856,2310,74273,102837,64936,89704,2899,4282,3571,4727,640,916,163,238,2064,2970,66841,92434,3565,5292,5008,6757,961,1310,284,404
R,12,2025,81,1734834,753847,980987,638008,809047,57259,92423,7257,9485,37150,50666,941,1241,13232,18125,649928,825181,60455,97465,16264,21830,39582,53679,1900,2517,688518,887535,580792,727259,54675,88699,4100,5216,36680,49863,813,1039,11458,15459,591088,740964,57279,92790,11890,15766,38861,52504,1668,2169,65329,93452,57216,81788,2584,3724,3157,4269,470,803,128,202,1774,2666,58840,84217,3176,4675,4374,6064,721,1175,232,348
R,12,2025,82,1696530,729636,966894,624036,808693,52673,86708,6587,8881,33268,44247,825,1098,12247,17267,635107,824156,55530,91354,15114,20807,35382,47008,1741,2277,669837,879574,571487,732244,50387,83186,3846,4950,32769,43553,712,921,10636,14720,581086,745371,52718,86942,11260,15161,34659,45942,1517,1967,59799,87320,52549,76449,2286,3522,2741,3931,499,694,113,177,1611,2547,54021,78785,2812,4412,3854,5646,723,1066,224,310
R,12,2025,83,1514415,643284,871131,548280,726194,46593,78471,5764,7923,31148,42467,713,1014,10786,15062,557986,739676,49144,82587,13144,18308,33121,44902,1477,1998,590497,791866,501849,656661,44520,75283,3400,4405,30751,41823,603,842,9374,12852,510264,668109,46626,78625,9804,13300,32517,43958,1275,1716,52787,79265,46431,69533,2073,3188,2364,3518,397,644,110,172,1412,2210,47722,71567,2518,3962,3340,5008,604,944,202,282
R,12,2025,84,1268693,530284,738409,450103,613056,38730,67558,5020,6876,26680,36913,646,867,9105,13139,458305,624776,40950,71122,11192,15962,28369,39106,1289,1717,484491,669843,409800,552687,36972,64932,2973,3902,26344,36359,558,721,7844,11242,416858,562683,38761,67820,8291,11699,27848,38260,1116,1468,45793,68566,40303,60369,1758,2626,2047,2974,336,554,88,146,1261,1897,41447,62093,2189,3302,2901,4263,521,846,173,249
R,12,2025,85,1121480,459875,661605,387721,546679,34014,61550,4447,6352,25069,34653,583,777,8041,11594,394929,556983,36002,64857,9868,14156,26622,36614,1142,1581,418276,596515,351048,489410,32403,58958,2623,3549,24746,34134,491,634,6965,9830,357276,498089,34026,61625,7278,10176,26146,35863,989,1341,41599,65090,36673,57269,1611,2592,1824,2803,323,519,92,143,1076,1764,37653,58894,1976,3232,2590,3980,476,751,153,240
R,12,2025,86,974930,394015,580915,332663,480912,28767,53423,3736,5496,21632,30078,433,717,6784,10289,338740,490025,30436,56277,8273,12448,22931,31831,934,1459,358240,523745,301132,430417,27340,51123,2182,3137,21362,29618,349,590,5875,8860,306377,438219,28707,53453,6100,9155,22539,31163,802,1248,35775,57170,31531,50495,1427,2300,1554,2359,270,460,84,127,909,1429,32363,51806,1729,2824,2173,3293,392,668,132,211
R,12,2025,87,882846,351854,530992,298026,441592,24847,47463,3372,5122,19095,27046,404,597,6110,9172,303509,449756,26315,50096,7475,11224,20301,28591,845,1207,320471,479453,270251,396116,23676,45417,2027,2961,18851,26661,336,479,5330,7819,275030,403024,24864,47585,5616,8165,19930,28021,729,1023,31383,51539,27775,45476,1171,2046,1345,2161,244,385,68,118,780,1353,28479,46732,1451,2511,1859,3059,371,570,116,184
R,12,2025,88,753809,295451,458358,249585,380011,20943,41343,2758,4293,16556,24192,346,532,5263,7987,254355,387076,22311,43664,6255,9523,17542,25645,713,1119,268819,413888,225900,340702,19970,39571,1673,2482,16357,23830,299,438,4620,6865,230081,346733,21095,41496,4743,6994,17257,25113,627,962,26632,44470,23685,39309,973,1772,1085,1811,199,362,47,94,643,1122,24274,40343,1216,2168,1512,2529,285,532,86,157
R,12,2025,89,648879,249565,399314,210840,331990,17342,35436,2344,3760,14217,20863,262,462,4560,6803,214921,337957,18513,37474,5272,8163,15163,22135,631,966,226789,359962,190575,297156,16500,33907,1431,2161,14060,20549,223,388,4000,5801,194138,302210,17476,35606,3977,5888,14922,21679,562,830,22776,39352,20265,34834,842,1529,913,1599,157,314,39,74,560,1002,20783,35747,1037,1868,1295,2275,241,456,69,136
R,12,2025,90,560532,211186,349346,178379,289489,14804,31157,2006,3361,11996,18767,235,384,3766,6188,181748,294962,15791,32920,4380,7364,12782,19928,535,837,191834,315077,161181,259151,14073,29855,1228,1936,11860,18458,198,317,3294,5360,164117,263872,14903,31312,3290,5432,12578,19488,471,720,19352,34269,17198,30338,731,1302,778,1425,136,309,37,67,472,828,17631,31090,888,1608,1090,1932,204,440,64,117
R,12,2025,91,470838,174059,296779,147251,246671,11980,26209,1640,2802,9846,15559,229,329,3113,5209,150041,251250,12800,27712,3570,6192,10526,16569,469,716,158163,268139,133020,221253,11406,25114,1029,1645,9737,15330,193,278,2778,4519,135499,225204,12108,26361,2738,4583,10362,16243,407,630,15896,28640,14231,25418,574,1095,611,1157,109,229,36,51,335,690,14542,26046,692,1351,832,1609,164,326,62,86
R,12,2025,92,380456,137756,242700,116380,200923,9345,21324,1315,2243,8021,13621,166,271,2529,4318,118648,204665,9958,22573,2927,5006,8596,14489,362,641,125298,219316,105285,180093,8908,20395,822,1379,7925,13437,139,233,2219,3779,107266,183357,9424,21439,2216,3796,8452,14222,315,568,12458,23384,11095,20830,437,929,493,864,96,184,27,38,310,539,11382,21308,534,1134,711,1210,144,267,47,73
R,12,2025,93,329611,116329,213282,98184,176859,7921,18529,1093,2042,6752,11832,128,274,2251,3746,100193,180137,8522,19648,2467,4426,7259,12566,325,578,105953,193142,88919,158912,7555,17750,674,1276,6673,11666,114,232,2018,3306,90721,161797,8071,18710,1905,3382,7134,12325,294,508,10376,20140,9265,17947,366,779,419,766,79,166,14,42,233,440,9472,18340,451,938,562,1044,125,241,31,70
R,12,2025,94,261717,90223,171494,76962,143652,5460,13717,841,1572,5132,9291,101,204,1727,3058,78498,146280,5945,14638,1872,3517,5538,9907,253,484,82130,155735,69724,129571,5200,13145,519,978,5081,9170,85,172,1521,2699,71076,131878,5630,13923,1409,2699,5444,9728,217,424,8093,15759,7238,14081,260,572,322,594,51,121,16,32,206,359,7422,14402,315,715,463,818,94,179,36,60
R,12,2025,95,221287,74162,147125,62605,122277,4740,11987,724,1327,4614,8611,91,172,1388,2751,63845,124654,5125,12786,1558,3072,4937,9178,215,413,67444,133153,56605,109819,4503,11453,464,820,4557,8507,77,149,1238,2405,57712,111874,4826,12129,1207,2338,4852,9028,192,370,6718,13972,6000,12458,237,534,260,507,57,104,14,23,150,346,6133,12780,299,657,351,734,85,150,23,43
R,12,2025,96,165276,53408,111868,44960,92875,3379,9254,528,967,3377,6562,62,140,1102,2070,45922,94655,3693,9909,1196,2229,3640,6995,181,333,48602,101713,40670,83831,3225,8852,343,624,3341,6457,52,124,971,1825,41517,85388,3485,9417,926,1730,3585,6847,161,300,4806,10155,4290,9044,154,402,185,343,36,105,10,16,131,245,4405,9267,208,492,270,499,55,148,20,33
R,12,2025,97,128089,40267,87822,33885,72799,2560,7138,419,799,2522,5279,47,102,834,1705,34612,74247,2813,7683,929,1844,2719,5642,115,273,36622,80051,30630,65924,2433,6811,269,519,2500,5208,42,86,748,1503,31282,67189,2648,7284,728,1438,2682,5535,101,237,3645,7771,3255,6875,127,327,150,280,22,71,5,16,86,202,3330,7058,165,399,201,406,37,107,14,36
R,12,2025,98,95204,28789,66415,24015,54858,1878,5461,290,635,1897,4098,38,78,671,1285,24601,55943,2082,5842,666,1459,2055,4369,98,209,26302,60754,21795,49812,1799,5232,194,422,1882,4051,32,68,600,1169,22318,50799,1974,5563,529,1173,2030,4298,84,189,2487,5661,2220,5046,79,229,96,213,15,47,6,10,71,116,2283,5144,108,279,137,286,25,71,14,20
R,12,2025,99,67032,19555,47477,16189,38980,1303,3916,201,453,1356,3074,21,74,485,980,16616,39815,1432,4246,479,1031,1484,3279,79,179,17848,43475,14667,35411,1244,3755,139,325,1341,3038,17,67,440,879,15055,36153,1355,4048,392,834,1461,3229,67,165,1707,4002,1522,3569,59,161,62,128,15,36,4,7,45,101,1561,3662,77,198,87,197,23,50,12,14
R,12,2025,100,126767,34305,92462,26871,73236,2631,8331,505,1089,3172,7230,77,158,1049,2418,27730,75182,2995,9213,1070,2471,3476,7795,232,459,31178,84881,24142,66542,2519,7988,376,834,3135,7170,64,138,942,2209,24916,68317,2841,8777,871,2092,3413,7677,201,402,3127,7581,2729,6694,112,343,129,255,37,60,13,20,107,209,2814,6865,154,436,199,379,63,118,31,57
